"absolu"	"absoluité"
"absorptif"	"absorptivité"
"abstractif"	"abstractivité"
"absurde"	"absurdité"
"acceptable"	"acceptabilité"
"accessible"	"accessibilité"
"accidentel"	"accidentalité"
"acerbe"	"acerbité"
"acide"	"acidité"
"acido-alcalin"	"acido-alcalinité"
"acquisitif"	"acquisivité"
"actif"	"acticité"
"actif"	"activité"
"actuel"	"actualité"
"aigu"	"acuité"
"adaptable"	"adaptabilité"
"additif"	"additivité"
"adhésif"	"adhésivité"
"adipeux"	"adiposité"
"admissible"	"admissibilité"
"adultérin"	"adultérinité"
"adverbial"	"adverbialité"
"adverse"	"adversité"
"affable"	"affabilité"
"affamé"	"affaméité"
"affectif"	"affectivité"
"affectueux"	"affectuosité"
"africain"	"africanité"
"agglutinable"	"agglutinabilité"
"agile"	"agilité"
"agrammatical"	"agrammaticalité"
"agressif"	"agressivité"
"agréable"	"agréabilité"
"aigu"	"aiguité"
"alcalin"	"alcalinité"
"algide"	"algidité"
"algébrique"	"algébricité"
"alibile"	"alibilité"
"alimentaire"	"alimentarité"
"alimentatif"	"alimentativité"
"aliénable"	"aliénabilité"
"allodial"	"allodialité"
"altérable"	"altérabilité"
"autre"	"altérité"
"aimable"	"amabilité"
"amical"	"amicalité"
"amissible"	"amissibilité"
"amoral"	"amoralité"
"amovible"	"amovibilité"
"amène"	"aménité"
"analytique"	"analyticité"
"ancestral"	"ancestralité"
"androgyne"	"androgynéité"
"anharmonique"	"anharmonicité"
"animal"	"animalité"
"annal"	"annalité"
"annuel"	"annualité"
"annulable"	"annulabilité"
"anonyme"	"anonymité"
"anormal"	"anormalité"
"antigénique"	"antigénicité"
"antique"	"antiquité"
"antérieur"	"antériorité"
"apocryphe"	"apocryphité"
"apostolique"	"apostolicité"
"applicable"	"applicabilité"
"approbatif"	"approbativité"
"appréciable"	"appréciabilité"
"appréhensif"	"appréhensivité"
"apriori"	"apriorité"
"aqueux"	"aquosité"
"arabe"	"arabité"
"ardu"	"arduité"
"aride"	"aridité"
"aromatique"	"aromaticité"
"artificiel"	"artificialité"
"asociable"	"asociabilité"
"asocial"	"asocialité"
"âpre"	"aspérité"
"assidu"	"assiduité"
"assimilable"	"assimilabilité"
"associatif"	"associativité"
"atemporel"	"atemporalité"
"atomique"	"atomicité"
"atonal"	"atonalité"
"atonique"	"atonicité"
"atroce"	"atrocité"
"attaquable"	"attaquabilité"
"audible"	"audibilité"
"austère"	"austérité"
"authentique"	"authenticité"
"autogène"	"autogénéité"
"automatique"	"automaticité"
"avide"	"avidité"
"banal"	"banalité"
"basique"	"basicité"
"belliqueux"	"bellicosité"
"bestial"	"bestialité"
"bilatéral"	"bilatéralité"
"binaire"	"binarité"
"biodégradable"	"biodégradabilité"
"bipolaire"	"bipolarité"
"bisannuel"	"bisannualité"
"bisexuel"	"bisexualité"
"bitonal"	"bitonalité"
"bleu"	"bleuité"
"brevetable"	"brevetabilité"
"britannique"	"britannicité"
"broyable"	"broyabilité"
"brutal"	"brutalité"
"bref"	"brévité"
"bénin"	"bénignité"
"caduc"	"caducité"
"calculable"	"calculabilité"
"calleux"	"callosité"
"canonique"	"canonicité"
"capillaire"	"capillarité"
"captatif"	"captativité"
"captif"	"captivité"
"casuel"	"casualité"
"catholique"	"catholicité"
"catégorique"	"catégoricité"
"causal"	"causalité"
"caustique"	"causticité"
"caverneux"	"cavernosité"
"central"	"centralité"
"cessible"	"cessibilité"
"charnel"	"charnalité"
"chromatique"	"chromaticité"
"chronique"	"chronicité"
"chétif"	"chétivité"
"circulable"	"circulabilité"
"circulaire"	"circularité"
"civil"	"civilité"
"clandestin"	"clandestinité"
"coagulable"	"coagulabilité"
"coercible"	"coercibilité"
"coercitif"	"coercitivité"
"coessentiel"	"coessentialité"
"cognoscible"	"cognoscibilité"
"collatéral"	"collatéralité"
"collectif"	"collectivité"
"colloïde"	"colloïdité"
"collégial"	"collégialité"
"combatif"	"combativité"
"combustible"	"combustibilité"
"comestible"	"comestibilité"
"commensurable"	"commensurabilité"
"commercial"	"commercialité"
"commode"	"commodité"
"communicable"	"communicabilité"
"commutatif"	"commutativité"
"compact"	"compacité"
"comparable"	"comparabilité"
"compatible"	"compatibilité"
"complexe"	"complexité"
"complice"	"complicité"
"complémentaire"	"complémentarité"
"compossible"	"compossibilité"
"compressible"	"compressibilité"
"compréhensible"	"compréhensibilité"
"compréhensif"	"compréhensivité"
"comptable"	"comptabilité"
"compétitif"	"compétitivité"
"concave"	"concavité"
"concentrique"	"concentricité"
"conceptuel"	"conceptualité"
"condensable"	"condensabilité"
"conductible"	"conductibilité"
"conductif"	"conductivité"
"confidentiel"	"confidentialité"
"conformable"	"conformabilité"
"conforme"	"conformité"
"confortable"	"confortabilité"
"congru"	"congruité"
"congénital"	"congénitalité"
"conique"	"conicité"
"conjugal"	"conjugalité"
"connaturel"	"connaturalité"
"connexe"	"connexité"
"consanguin"	"consanguinité"
"consommable"	"consommabilité"
"constitutionnel"	"constitutionnalité"
"constructible"	"constructibilité"
"constructif"	"constructivité"
"consubstantiel"	"consubstantialité"
"consultable"	"consultabilité"
"contagieux"	"contagiosité"
"contemporain"	"contemporanéité"
"contestable"	"contestabilité"
"continental"	"continentalité"
"continu"	"continuité"
"contractible"	"contractibilité"
"contractile"	"contractilité"
"contrôlable"	"contrôlabilité"
"conventionnel"	"conventionalité"
"conventuel"	"conventualité"
"convertible"	"convertibilité"
"convexe"	"convexité"
"convivial"	"convivialité"
"cordial"	"cordialité"
"coriace"	"coriacité"
"corporel"	"corporalité"
"corrigible"	"corrigibilité"
"corruptible"	"corruptibilité"
"cortical"	"corticalité"
"cosmique"	"cosmicité"
"criminel"	"criminalité"
"cristallin"	"cristallinité"
"critique"	"criticité"
"cru"	"crudité"
"créatif"	"créativité"
"crédible"	"crédibilité"
"crédule"	"crédulité"
"cubique"	"cubicité"
"coupable"	"culpabilité"
"cupide"	"cupidité"
"curable"	"curabilité"
"curieux"	"curiosité"
"cyclique"	"cyclicité"
"cylindrique"	"cylindricité"
"cytotoxique"	"cytotoxicité"
"aveugle"	"cécité"
"célèbre"	"célébrité"
"célère"	"célérité"
"cérébral"	"cérébralité"
"dangereux"	"dangerosité"
"dense"	"densité"
"destructible"	"destructibilité"
"destructif"	"destructivité"
"adroit"	"dextérité"
"diaphane"	"diaphanité"
"diaphane"	"diaphanéité"
"diathermane"	"diathermanéité"
"difforme"	"difformité"
"diffusible"	"diffusibilité"
"digestible"	"digestibilité"
"digne"	"dignité"
"dilatable"	"dilatabilité"
"dimensionnel"	"dimensionnalité"
"directif"	"directivité"
"discontinu"	"discontinuité"
"discursif"	"discursivité"
"disponible"	"disponibilité"
"dissociable"	"dissociabilité"
"dissoluble"	"dissolubilité"
"distributif"	"distributivité"
"divers"	"diversité"
"divin"	"divinité"
"divisible"	"divisibilité"
"docile"	"docilité"
"domanial"	"domanialité"
"domestique"	"domesticité"
"duel"	"dualité"
"ductile"	"ductilité"
"double"	"duplicité"
"durable"	"durabilité"
"débile"	"débilité"
"décimal"	"décimalité"
"déductible"	"déductibilité"
"défectueux"	"défectuosité"
"déformable"	"déformabilité"
"dégressif"	"dégressivité"
"démonial"	"démonialité"
"démontrable"	"démontrabilité"
"dérivable"	"dérivabilité"
"désirable"	"désirabilité"
"déterminable"	"déterminabilité"
"effectivif"	"effectivité"
"effectuel"	"effectualité"
"efficace"	"efficacité"
"elliptique"	"ellipticité"
"empirique"	"empiricité"
"endémique"	"endémicité"
"essentiel"	"essentialité"
"européen"	"européanité"
"excentrique"	"excentricité"
"excitable"	"excitabilité"
"exclusif"	"exclusivité"
"excusable"	"excusabilité"
"exemplaire"	"exemplarité"
"exhaustif"	"exhaustivité"
"exigible"	"exigibilité"
"expansible"	"expansibilité"
"expansif"	"expansivité"
"exploitable"	"exploitabilité"
"explosible"	"explosibilité"
"expressif"	"expressivité"
"exquis"	"exquisité"
"extensible"	"extensibilité"
"extensif"	"extensivité"
"extra-territorial"	"extra-territorialité"
"extrême"	"extrémité"
"extérieur"	"extériorité"
"exécrable"	"exécrabilité"
"fabricable"	"fabricabilité"
"facile"	"facilité"
"factice"	"facticité"
"factuel"	"factualité"
"faillible"	"faillibilité"
"faisable"	"faisabilité"
"falsifiable"	"falsifiabilité"
"familier"	"familiarité"
"fameux"	"famosité"
"fastidieux"	"fastidiosité"
"fastueux"	"fastuosité"
"fatal"	"fatalité"
"fatigable"	"fatigabilité"
"fat"	"fatuité"
"fermentescible"	"fermentescibilité"
"ferrugineux"	"ferruginosité"
"fertile"	"fertilité"
"festif"	"festivité"
"fiable"	"fiabilité"
"fidèle"	"fidélité"
"filable"	"filabilité"
"filial"	"filialité"
"filtrable"	"filtrabilité"
"final"	"finalité"
"fiscal"	"fiscalité"
"fissipare"	"fissiparité"
"fixe"	"fixité"
"flaccide"	"flaccidité"
"flatueux"	"flatuosité"
"flexible"	"flexibilité"
"flexueux"	"flexuosité"
"flottable"	"flottabilité"
"fluide"	"fluidité"
"fonctionnel"	"fonctionnalité"
"fongible"	"fongibilité"
"fongueux"	"fongosité"
"formable"	"formabilité"
"formel"	"formalité"
"fortuit"	"fortuité"
"fossile"	"fossilité"
"fragile"	"fragilité"
"français"	"francité"
"friable"	"friabilité"
"frigide"	"frigidité"
"frileux"	"frilosité"
"frivole"	"frivolité"
"froissable"	"froissabilité"
"frontal"	"frontalité"
"frugal"	"frugalité"
"fugace"	"fugacité"
"fugitif"	"fugitivité"
"fuligineux"	"fuliginosité"
"fusible"	"fusibilité"
"futile"	"futilité"
"fébrile"	"fébrilité"
"fécondable"	"fécondabilité"
"fécond"	"fécondité"
"félin"	"félinité"
"féminin"	"féminité"
"féodal"	"féodalité"
"féroce"	"férocité"
"fétide"	"fétidité"
"gemmipare"	"gemmiparité"
"germain"	"germanité"
"gestuel"	"gestualité"
"gibbeux"	"gibbosité"
"glauque"	"glaucité"
"global"	"globalité"
"gracile"	"gracilité"
"graduel"	"gradualité"
"grammatical"	"grammaticalité"
"granulaire"	"granularité"
"gratuit"	"gratuité"
"gravide"	"gravidité"
"grave"	"gravité"
"grec"	"grécité"
"grégaire"	"grégarité"
"gélif"	"gélivité"
"gémellaire"	"gémellarité"
"jumeau"	"gémellité"
"génial"	"génialité"
"génital"	"génitalité"
"général"	"généralité"
"généreux"	"générosité"
"habile"	"habilité"
"habitable"	"habitabilité"
"hermétique"	"herméticité"
"hilare"	"hilarité"
"historique"	"historicité"
"homogène"	"homogénéité"
"homosexuel"	"homosexualité"
"honorable"	"honorabilité"
"horizontal"	"horizontalité"
"hospitalier"	"hospitalité"
"hostile"	"hostilité"
"humain"	"humanité"
"humide"	"humidité"
"humble"	"humilité"
"hybride"	"hybridité"
"hydraulique"	"hydraulicité"
"hydroélectrique"	"hydroélectricité"
"hygrométrique"	"hygrométricité"
"hygroscopique"	"hygroscopicité"
"hyperactif"	"hyperactivité"
"hypersensible"	"hypersensibilité"
"hyperémotif"	"hyperémotivité"
"hypnotisable"	"hypnotisabilité"
"hédonique"	"hédonicité"
"hémisphérique"	"hémisphéricité"
"héritable"	"héritabilité"
"héroïque"	"héroïcité"
"hérétique"	"héréticité"
"hétérogène"	"hétérogénéité"
"hétérosexuel"	"hétérosexualité"
"idoine"	"idonéité"
"idéal"	"idéalité"
"ignoble"	"ignobilité"
"illicite"	"illicité"
"illisible"	"illisibilité"
"illogique"	"illogicité"
"illégal"	"illégalité"
"illégitime"	"illégitimité"
"imbécile"	"imbécillité"
"imitable"	"imitabilité"
"immature"	"immaturité"
"immatériel"	"immatérialité"
"immense"	"immensité"
"immiscible"	"immiscibilité"
"immobile"	"immobilité"
"immonde"	"immondicité"
"immoral"	"immoralité"
"immortel"	"immortalité"
"immuable"	"immuabilité"
"immun"	"immunité"
"immutable"	"immutabilité"
"impalpable"	"impalpabilité"
"impair"	"imparité"
"impartial"	"impartialité"
"impassible"	"impassibilité"
"impavide"	"impavidité"
"impeccable"	"impeccabilité"
"impensable"	"impensabilité"
"imperceptible"	"imperceptibilité"
"imperfectible"	"imperfectibilité"
"impermutable"	"impermutabilité"
"imperméable"	"imperméabilité"
"impersonnel"	"impersonnalité"
"imperturbable"	"imperturbabilité"
"impitoyable"	"impitoyabilité"
"implacable"	"implacabilité"
"impondérable"	"impondérabilité"
"impopulaire"	"impopularité"
"importun"	"importunité"
"impossible"	"impossibilité"
"impraticable"	"impraticabilité"
"imprenable"	"imprenabilité"
"imprescriptible"	"imprescriptibilité"
"impressible"	"impressibilité"
"impressionnable"	"impressionnabilité"
"improbable"	"improbabilité"
"improbe"	"improbité"
"improductif"	"improductivité"
"imprévisible"	"imprévisibilité"
"impudique"	"impudicité"
"impulsif"	"impulsivité"
"imputable"	"imputabilité"
"imputrescible"	"imputrescibilité"
"impécunieux"	"impécuniosité"
"impénétrable"	"impénétrabilité"
"impératif"	"impérativité"
"impérieux"	"impériosité"
"impétueux"	"impétuosité"
"inaccessible"	"inaccessibilité"
"inadmissible"	"inadmissibilité"
"inaliénable"	"inaliénabilité"
"inaltérable"	"inaltérabilité"
"inamissible"	"inamissibilité"
"inamovible"	"inamovibilité"
"inapplicable"	"inapplicabilité"
"inauthentique"	"inauthenticité"
"incalculable"	"incalculabilité"
"incessible"	"incessibilité"
"incivil"	"incivilité"
"incoercible"	"incoercibilité"
"incombustible"	"incombustibilité"
"incommensurable"	"incommensurabilité"
"incommode"	"incommodité"
"incommunicable"	"incommunicabilité"
"incommutable"	"incommutabilité"
"incompatible"	"incompatibilité"
"incompressible"	"incompressibilité"
"incompréhensible"	"incompréhensibilité"
"inconcevable"	"inconcevabilité"
"inconciliable"	"inconciliabilité"
"inconditionnel"	"inconditionnalité"
"incongru"	"incongruité"
"inconnaissable"	"inconnaissabilité"
"inconstitutionnel"	"inconstitutionnalité"
"incontestable"	"incontestabilité"
"inconvertible"	"inconvertibilité"
"incorporel"	"incorporalité"
"incorrigible"	"incorrigibilité"
"incorruptible"	"incorruptibilité"
"incroyable"	"incrédibilité"
"incrédule"	"incrédulité"
"incurable"	"incurabilité"
"indescriptible"	"indescriptibilité"
"indestructible"	"indestructibilité"
"indicible"	"indicibilité"
"indigne"	"indignité"
"indiscernable"	"indiscernabilité"
"indispensable"	"indispensabilité"
"indisponible"	"indisponibilité"
"indissoluble"	"indissolubilité"
"individuel"	"individualité"
"indivisible"	"indivisibilité"
"indocile"	"indocilité"
"indomptable"	"indomptabilité"
"indéclinable"	"indéclinabilité"
"indécrottable"	"indécrottabilité"
"indéfectible"	"indéfectibilité"
"indéfini"	"indéfinité"
"indéformable"	"indéformabilité"
"indélébile"	"indélébilité"
"indéterminable"	"indéterminabilité"
"ineffable"	"ineffabilité"
"inefficace"	"inefficacité"
"inessentiel"	"inessentialité"
"inexcitable"	"inexcitabilité"
"inexigible"	"inexigibilité"
"inexorable"	"inexorabilité"
"inexplicable"	"inexplicabilité"
"inexpressif"	"inexpressivité"
"inexprimable"	"inexprimabilité"
"inexpugnable"	"inexpugnabilité"
"inextensible"	"inextensibilité"
"inextricable"	"inextricabilité"
"infaillible"	"infaillibilité"
"infantile"	"infantilité"
"infatigable"	"infatigabilité"
"infectieux"	"infectiosité"
"infertile"	"infertilité"
"infidèle"	"infidélité"
"infime"	"infimité"
"infini"	"infinité"
"infinitésimal"	"infinitésimalité"
"infirme"	"infirmité"
"inflammable"	"inflammabilité"
"inflexible"	"inflexibilité"
"influençable"	"influençabilité"
"informe"	"informité"
"infroissable"	"infroissabilité"
"inférieur"	"infériorité"
"ingénieux"	"ingéniosité"
"ingénu"	"ingénuité"
"inhabile"	"inhabilité"
"inhabitable"	"inhabitabilité"
"inhospitalier"	"inhospitalité"
"inhumain"	"inhumanité"
"inimitable"	"inimitabilité"
"ininflammable"	"ininflammabilité"
"inintelligible"	"inintelligibilité"
"injustifiable"	"injustifiabilité"
"innombrable"	"innombrabilité"
"inné"	"innéité"
"inoculable"	"inoculabilité"
"inofficieux"	"inofficiosité"
"inopportun"	"inopportunité"
"inopérable"	"inopérabilité"
"insaisissable"	"insaisissabilité"
"insalubre"	"insalubrité"
"insatiable"	"insatiabilité"
"insensible"	"insensibilité"
"insexuel"	"insexualité"
"insincère"	"insincérité"
"insipide"	"insipidité"
"insociable"	"insociabilité"
"insoluble"	"insolubilité"
"insolvable"	"insolvabilité"
"insondable"	"insondabilité"
"insonore"	"insonorité"
"instable"	"instabilité"
"instantané"	"instantanéité"
"instinctif"	"instinctivité"
"instrumental"	"instrumentalité"
"insubmersible"	"insubmersibilité"
"insubstantiel"	"insubstantialité"
"insulaire"	"insularité"
"insupportable"	"insupportabilité"
"insécable"	"insécabilité"
"inséparable"	"inséparabilité"
"intangible"	"intangibilité"
"intellectuel"	"intellectualité"
"intelligible"	"intelligibilité"
"intempestif"	"intempestivité"
"intemporel"	"intemporalité"
"intense"	"intensité"
"intentionnel"	"intentionnalité"
"interactif"	"interactivité"
"interchangeable"	"interchangeabilité"
"interdisciplinaire"	"interdisciplinarité"
"intermédiaire"	"intermédiarité"
"international"	"internationalité"
"intersexuel"	"intersexualité"
"intertextuel"	"intertextualité"
"intime"	"intimité"
"intouchable"	"intouchabilité"
"intransitif"	"intransitivité"
"intransmissible"	"intransmissibilité"
"intrépide"	"intrépidité"
"intégrable"	"intégrabilité"
"intégral"	"intégralité"
"intègre"	"intégrité"
"intérieur"	"intériorité"
"intéroceptif"	"intéroceptivité"
"inusable"	"inusabilité"
"inutile"	"inutilité"
"invalide"	"invalidité"
"invariable"	"invariabilité"
"inventif"	"inventivité"
"inviable"	"inviabilité"
"invincible"	"invincibilité"
"inviolable"	"inviolabilité"
"invisible"	"invisibilité"
"invulnérable"	"invulnérabilité"
"inébranlable"	"inébranlabilité"
"inéducable"	"inéducabilité"
"inégal"	"inégalité"
"inélastique"	"inélasticité"
"inéligible"	"inéligibilité"
"inéluctable"	"inéluctabilité"
"inépuisable"	"inépuisabilité"
"inévitable"	"inévitabilité"
"irascible"	"irascibilité"
"irrationnel"	"irrationalité"
"irrecevable"	"irrecevabilité"
"irremplaçable"	"irremplaçabilité"
"irrespirable"	"irrespirabilité"
"irresponsable"	"irresponsabilité"
"irritable"	"irritabilité"
"irréel"	"irréalité"
"irréconciliable"	"irréconciliabilité"
"irrécusable"	"irrécusabilité"
"irréductible"	"irréductibilité"
"irréformable"	"irréformabilité"
"irréfutable"	"irréfutabilité"
"irrégulier"	"irrégularité"
"irréligieux"	"irréligiosité"
"irrémédiable"	"irrémédiabilité"
"irréparable"	"irréparabilité"
"irréprochable"	"irréprochabilité"
"irrésistible"	"irrésistibilité"
"irrétrécissable"	"irrétrécissabilité"
"irréversible"	"irréversibilité"
"irrévocable"	"irrévocabilité"
"isotonique"	"isotonicité"
"joli"	"jolité"
"jovial"	"jovialité"
"judaïque"	"judaïcité"
"juif"	"judéité"
"justiciable"	"justiciabilité"
"juvénil"	"juvénilité"
"labile"	"labilité"
"lascif"	"lascivité"
"latin"	"latinité"
"latéral"	"latéralité"
"lavable"	"lavabilité"
"laïc"	"laïcité"
"libidineux"	"libidinosité"
"libéral"	"libéralité"
"licite"	"licéité"
"limpide"	"limpidité"
"linéaire"	"linéarité"
"liquide"	"liquidité"
"lisible"	"lisibilité"
"littéral"	"littéralité"
"littéraire"	"littérarité"
"livide"	"lividité"
"local"	"localité"
"logeable"	"logeabilité"
"loquace"	"loquacité"
"lubrique"	"lubricité"
"lucide"	"lucidité"
"lumineux"	"luminosité"
"légal"	"légalité"
"légitime"	"légitimité"
"létal"	"létalité"
"magnanime"	"magnanimité"
"majeur"	"majorité"
"malin"	"malignité"
"malléable"	"malléabilité"
"maniable"	"maniabilité"
"manoeuvrable"	"manoeuvrabilité"
"manuel"	"manualité"
"marginal"	"marginalité"
"masculin"	"masculinité"
"massif"	"massivité"
"mat"	"matité"
"matrilinéaire"	"matrilinéarité"
"mature"	"maturité"
"matériel"	"matérialité"
"mensuel"	"mensualité"
"mensurable"	"mensurabilité"
"mental"	"mentalité"
"mercenaire"	"mercenarité"
"mineur"	"minorité"
"ministériel"	"ministérialité"
"minéral"	"minéralité"
"miscible"	"miscibilité"
"mixte"	"mixité"
"mobile"	"mobilité"
"modal"	"modalité"
"moderne"	"modernité"
"modique"	"modicité"
"modifiable"	"modificabilité"
"modérable"	"modérabilité"
"molaire"	"molarité"
"moléculaire"	"molécularité"
"mondain"	"mondanité"
"mondial"	"mondialité"
"monosexuel"	"monosexualité"
"monstrueux"	"monstruosité"
"montueux"	"montuosité"
"monumental"	"monumentalité"
"moral"	"moralité"
"morbide"	"morbidité"
"mortel"	"mortalité"
"mosaïque"	"mosaïcité"
"moteur"	"motricité"
"mouillable"	"mouillabilité"
"muable"	"muabilité"
"muqueux"	"mucosité"
"multidisciplinaire"	"multidisciplinarité"
"multilatéral"	"multilatéralité"
"multinational"	"multinationalité"
"multipare"	"multiparité"
"multipolaire"	"multipolarité"
"municipal"	"municipalité"
"musical"	"musicalité"
"mutable"	"mutabilité"
"muet"	"mutité"
"mutuel"	"mutualité"
"mystique"	"mysticité"
"médiocre"	"médiocrité"
"mémorable"	"mémorabilité"
"méridional"	"méridionalité"
"méticuleux"	"méticulosité"
"narratif"	"narrativité"
"nasal"	"nasalité"
"natal"	"natalité"
"national"	"nationalité"
"natif"	"nativité"
"naturel"	"naturalité"
"navigable"	"navigabilité"
"nerveux"	"nervosité"
"neutre"	"neutralité"
"noble"	"nobilité"
"nocif"	"nocivité"
"nordique"	"nordicité"
"normal"	"normalité"
"normatif"	"normativité"
"notable"	"notabilité"
"nubile"	"nubilité"
"nu"	"nudité"
"nuisible"	"nuisibilité"
"nul"	"nullité"
"nuptial"	"nuptialité"
"nutritif"	"nutritivité"
"nébuleux"	"nébulosité"
"négatif"	"négativité"
"négociable"	"négociabilité"
"objectal"	"objectalité"
"objectif"	"objectivité"
"oblatif"	"oblativité"
"oblique"	"obliquité"
"obscure"	"obscurité"
"obscène"	"obscénité"
"observable"	"observabilité"
"obséquieux"	"obséquiosité"
"obèse"	"obésité"
"occasionnel"	"occasionnalité"
"occidental"	"occidentalité"
"oculaire"	"ocularité"
"œcuménique"	"œcuménicité"
"offensif"	"offensivité"
"officiel"	"officialité"
"officieux"	"officiosité"
"opposable"	"opposabilité"
"oral"	"oralité"
"organique"	"organicité"
"original"	"originalité"
"orthogonal"	"orthogonalité"
"ouvrable"	"ouvrabilité"
"ovipare"	"oviparité"
"ovovivipare"	"ovoviviparité"
"oxydable"	"oxydabilité"
"paisible"	"paisibilité"
"palatal"	"palatalité"
"palpable"	"palpabilité"
"parabolique"	"parabolicité"
"parafiscal"	"parafiscalité"
"parcellaire"	"parcellarité"
"pair"	"parité"
"partial"	"partialité"
"particulier"	"particularité"
"passible"	"passibilité"
"passif"	"passivité"
"patrimonial"	"patrimonialité"
"peccable"	"peccabilité"
"perceptible"	"perceptibilité"
"perceptif"	"perceptivité"
"perfectible"	"perfectibilité"
"permissif"	"permissivité"
"permutable"	"permutabilité"
"perméable"	"perméabilité"
"pernicieux"	"perniciosité"
"perpendiculaire"	"perpendicularité"
"perplexe"	"perplexité"
"personnel"	"personnalité"
"perspicace"	"perspicacité"
"perversible"	"perversibilité"
"pervers"	"perversité"
"phénoménal"	"phénoménalité"
"pileux"	"pilosité"
"placide"	"placidité"
"plan"	"planité"
"plan"	"planéité"
"plastique"	"plasticité"
"plausible"	"plausibilité"
"pluriel"	"pluralité"
"pluridimensionnel"	"pluridimensionnalité"
"pluridisciplinaire"	"pluridisciplinarité"
"plurifonctionnel"	"plurifonctionnalité"
"plurivoque"	"plurivocité"
"pluvieux"	"pluviosité"
"pneumatique"	"pneumaticité"
"polarisable"	"polarisabilité"
"polaire"	"polarité"
"polyfonctionnel"	"polyfonctionnalité"
"polytonal"	"polytonalité"
"polyzoïque"	"polyzoïcité"
"ponctuel"	"ponctualité"
"pondérable"	"pondérabilité"
"populaire"	"popularité"
"poreux"	"porosité"
"portable"	"portabilité"
"positif"	"positivité"
"possessif"	"possessivité"
"possible"	"possibilité"
"postérieur"	"postériorité"
"potentiel"	"potentialité"
"praticable"	"praticabilité"
"primaire"	"primarité"
"primipare"	"primiparité"
"primitif"	"primitivité"
"principal"	"principalité"
"probable"	"probabilité"
"probe"	"probité"
"prodigieux"	"prodigiosité"
"productible"	"productibilité"
"productif"	"productivité"
"profitable"	"profitabilité"
"progressif"	"progressivité"
"prolifique"	"prolificité"
"prolixe"	"prolixité"
"proche"	"promiscuité"
"proportionnel"	"proportionnalité"
"proprioceptif"	"proprioceptivité"
"prospère"	"prospérité"
"providentiel"	"providentialité"
"provincial"	"provincialité"
"proche"	"proximité"
"précaire"	"précarité"
"précieux"	"préciosité"
"précipitable"	"précipitabilité"
"précoce"	"précocité"
"prématuré"	"prématurité"
"présidial"	"présidialité"
"prévisible"	"prévisibilité"
"psychomoteur"	"psychomotricité"
"public"	"publicité"
"pudique"	"pudicité"
"puerpéral"	"puerpéralité"
"pugnace"	"pugnacité"
"pupillaire"	"pupillarité"
"pusillanime"	"pusillanimité"
"putrescible"	"putrescibilité"
"putride"	"putridité"
"puéril"	"puérilité"
"pénal"	"pénalité"
"pénible"	"pénibilité"
"pénétrable"	"pénétrabilité"
"pérenne"	"pérennité"
"périnatal"	"périnatalité"
"périodique"	"périodicité"
"quinquennal"	"quinquennalité"
"rapide"	"rapidité"
"rationnel"	"rationalité"
"rauque"	"raucité"
"recevable"	"recevabilité"
"rectangulaire"	"rectangularité"
"relatif"	"relativité"
"religieux"	"religiosité"
"rentable"	"rentabilité"
"reproductible"	"reproductibilité"
"reproductif"	"reproductivité"
"représentatif"	"représentativité"
"reptile"	"reptilité"
"respectable"	"respectabilité"
"respirable"	"respirabilité"
"responsable"	"responsabilité"
"ridicule"	"ridiculité"
"rigide"	"rigidité"
"rival"	"rivalité"
"romain"	"romanité"
"rond"	"rotondité"
"rugueux"	"rugosité"
"rural"	"ruralité"
"rustique"	"rusticité"
"rythmique"	"rythmicité"
"réactif"	"réactivité"
"réel"	"réalité"
"réceptible"	"réceptibilité"
"receptif"	"réceptivité"
"récessif"	"récessivité"
"réciproque"	"réciprocité"
"récursif"	"récursivité"
"réductible"	"réductibilité"
"réflectif"	"réflectivité"
"reflexible"	"réflexibilité"
"réflexif"	"réflexivité"
"réfractif"	"réfractivité"
"réfutable"	"réfutabilité"
"régulier"	"régularité"
"rémissible"	"rémissibilité"
"répercussif"	"répercussivité"
"répétitif"	"répétitivité"
"résistible"	"résistibilité"
"résistif"	"résistivité"
"résoluble"	"résolubilité"
"rétentif"	"rétentivité"
"rétif"	"rétivité"
"rétractible"	"rétractibilité"
"rétractile"	"rétractilité"
"rétroactif"	"rétroactivité"
"réversible"	"réversibilité"
"révisible"	"révisibilité"
"révocable"	"révocabilité"
"rééligible"	"rééligibilité"
"sacral"	"sacralité"
"sacramental"	"sacramentalité"
"sagace"	"sagacité"
"salace"	"salacité"
"salin"	"salinité"
"salubre"	"salubrité"
"sapide"	"sapidité"
"saturable"	"saturabilité"
"saugrenu"	"saugrenuité"
"schisteux"	"schistosité"
"scientifique"	"scientificité"
"scissipare"	"scissiparité"
"scolaire"	"scolarité"
"scrupuleux"	"scrupulosité"
"secondaire"	"secondarité"
"sensible"	"sensibilité"
"sensitif"	"sensitivité"
"sensoriel"	"sensorialité"
"sensuel"	"sensualité"
"sentimental"	"sentimentalité"
"septennal"	"septennalité"
"septique"	"septicité"
"serviable"	"serviabilité"
"servile"	"servilité"
"sexennal"	"sexennalité"
"sexuel"	"sexualité"
"siccatif"	"siccativité"
"similaire"	"similarité"
"simple"	"simplicité"
"simultané"	"simultanéité"
"sincère"	"sincérité"
"singulier"	"singularité"
"sinistre"	"sinistralité"
"chinois"	"sinité"
"sinueux"	"sinuosité"
"sinusoïdal"	"sinusoïdalité"
"sismique"	"sismicité"
"sociable"	"sociabilité"
"social"	"socialité"
"solidaire"	"solidarité"
"solide"	"solidité"
"soluble"	"solubilité"
"solvable"	"solvabilité"
"somptueux"	"somptuosité"
"sonore"	"sonorité"
"sordide"	"sordidité"
"soudable"	"soudabilité"
"sourd"	"sourdité"
"spasmodique"	"spasmodicité"
"spatial"	"spatialité"
"sphérique"	"sphéricité"
"spirituel"	"spiritualité"
"spongieux"	"spongiosité"
"spontané"	"spontanéité"
"sporadique"	"sporadicité"
"sportif"	"sportivité"
"spumeux"	"spumosité"
"spécial"	"spécialité"
"spécifique"	"spécificité"
"spécieux"	"spéciosité"
"spéculaire"	"spécularité"
"stable"	"stabilité"
"stationnaire"	"stationnarité"
"studieux"	"studiosité"
"stupide"	"stupidité"
"stérile"	"stérilité"
"suave"	"suavité"
"subalterne"	"subalternité"
"subjectif"	"subjectivité"
"sublime"	"sublimité"
"submersible"	"submersibilité"
"substantiel"	"substantialité"
"substituable"	"substituabilité"
"substitutif"	"substitutivité"
"subtil"	"subtilité"
"successible"	"successibilité"
"successif"	"successivité"
"suggestible"	"suggestibilité"
"suggestif"	"suggestivité"
"superficiel"	"superficialité"
"superflu"	"superfluité"
"supérieur"	"supériorité"
"sourd"	"surdité"
"susceptible"	"susceptibilité"
"synthétique"	"synthéticité"
"sécable"	"sécabilité"
"séculier"	"sécularité"
"sûr"	"sécurité"
"sédentaire"	"sédentarité"
"séismique"	"séismicité"
"sélectif"	"sélectivité"
"sénile"	"sénilité"
"séparable"	"séparabilité"
"sérieux"	"sériosité"
"séreux"	"sérosité"
"serein"	"sérénité"
"sévère"	"sévérité"
"taciturne"	"taciturnité"
"taillable"	"taillabilité"
"tangible"	"tangibilité"
"tardif"	"tardivité"
"technique"	"technicité"
"temporel"	"temporalité"
"territorial"	"territorialité"
"testable"	"testabilité"
"thermal"	"thermalité"
"thermique"	"thermicité"
"théâtral"	"théâtralité"
"timide"	"timidité"
"tonal"	"tonalité"
"tonique"	"tonicité"
"tortueux"	"tortuosité"
"total"	"totalité"
"toxique"	"toxicité"
"traduisible"	"traductibilité"
"tranquille"	"tranquillité"
"transitif"	"transitivité"
"translucide"	"translucidité"
"transmissible"	"transmissibilité"
"transmutable"	"transmutabilité"
"triangulaire"	"triangularité"
"tridimensionnel"	"tridimensionnalité"
"trivial"	"trivialité"
"tubéreux"	"tubérosité"
"turbide"	"turbidité"
"téméraire"	"témérité"
"ténace"	"ténacité"
"ténu"	"ténuité"
"tiède"	"tépidité"
"ubique"	"ubiquité"
"unanime"	"unanimité"
"unique"	"unicité"
"uniforme"	"uniformité"
"unilatéral"	"unilatéralité"
"universel"	"universalité"
"univoque"	"univocité"
"urbain"	"urbanité"
"usinable"	"usinabilité"
"ustensile"	"ustensilité"
"utile"	"utilité"
"utérin"	"utérinité"
"vide"	"vacuité"
"valide"	"validité"
"vain"	"vanité"
"variable"	"variabilité"
"vassal"	"vassalité"
"vaste"	"vastité"
"venimeux"	"venimosité"
"venteux"	"ventosité"
"verbeux"	"verbosité"
"verruqueux"	"verrucosité"
"versatile"	"versatilité"
"vertical"	"verticalité"
"viable"	"viabilité"
"vibratile"	"vibratilité"
"vicinal"	"vicinalité"
"villeux"	"villosité"
"vineux"	"vinosité"
"vierge"	"virginité"
"viril"	"virilité"
"virtuel"	"virtualité"
"virtuose"	"virtuosité"
"vital"	"vitalité"
"vitreux"	"vitrosité"
"vivipare"	"viviparité"
"vocal"	"vocalité"
"volatil"	"volatilité"
"volcanique"	"volcanicité"
"volubile"	"volubilité"
"volumineux"	"voluminosité"
"vorace"	"voracité"
"vortique"	"vorticité"
"vulgaire"	"vulgarité"
"vulnérable"	"vulnérabilité"
"vultueux"	"vultuosité"
"végétable"	"végétabilité"
"végétal"	"végétalité"
"vénéneux"	"vénénosité"
"véridique"	"véridicité"
"vérifiable"	"vérifiabilité"
"VRAI"	"vérité"
"zonal"	"zonalité"
"économique"	"économicité"
"éducable"	"éducabilité"
"égal"	"égalité"
"élastique"	"élasticité"
"électif"	"électivité"
"électrique"	"électricité"
"éligible"	"éligibilité"
"élémentaire"	"élémentarité"
"émissif"	"émissivité"
"émotif"	"émotivité"
"émétique"	"éméticité"
"énorme"	"énormité"
"éphémère"	"éphémérité"
"épidémique"	"épidémicité"
"équitable"	"équitabilité"
"érectile"	"érectilité"
"érogène"	"érogénéité"
"éruptif"	"éruptivité"
"étanche"	"étanchéité"
"éventuel"	"éventualité"
"acariâtre"	"acariâtreté"
"âcre"	"âcreté"
"agile"	"agileté"
"ancien"	"ancienneté"
"bienaise"	"bienaiseté"
"brave"	"braveté"
"bref"	"brièveté"
"caduque"	"caduqueté"
"chaste"	"chasteté"
"chétif"	"chétiveté"
"chiche"	"chicheté"
"chien"	"chienneté"
"chrétien"	"chrétienneté"
"citoyen"	"citoyenneté"
"cochon"	"cochonceté"
"concitoyen"	"concitoyenneté"
"contrarié"	"contrarieté"
"débonnaire"	"débonnaireté"
"déshonnête"	"déshonnêteté"
"dur"	"dureté"
"entier"	"entièreté"
"étrange"	"étrangeté"
"facétieux"	"facétieuseté"
"farouche"	"faroucheté"
"FAUX"	"fausseté"
"ferme"	"fermeté"
"franc"	"francheté"
"gai"	"gaieté"
"gauche"	"gaucheté"
"glabre"	"glabreté"
"glorieux"	"glorieuseté"
"gracieux"	"gracieuseté"
"grief"	"grièveté"
"grossier"	"grossièreté"
"habile"	"habileté"
"hâtif"	"hâtiveté"
"honnête"	"honnêteté"
"immédiat"	"immédiateté"
"impur"	"impureté"
"inhabile"	"inhabileté"
"jaloux"	"jalouseté"
"joli"	"joliveté"
"joyeux"	"joyeuseté"
"lâche"	"lâcheté"
"lascif"	"lasciveté"
"léger"	"légèreté"
"leste"	"lesteté"
"malhabile"	"malhabileté"
"malhonnête"	"malhonnêteté"
"malpropre"	"malpropreté"
"massif"	"massiveté"
"mauvais"	"mauvaiseté"
"méchant"	"méchanceté"
"mièvre"	"mièvreté"
"mitoyen"	"mitoyenneté"
"moche"	"mocheté"
"moyen"	"moyenneté"
"naïf"	"naïveté"
"négatif"	"négativeté"
"net"	"netteté"
"noir"	"noireté"
"nouveau"	"nouvelleté"
"oisif"	"oisiveté"
"opiniâtre"	"opiniâtreté"
"passif"	"passiveté"
"pauvre"	"pauvreté"
"pieux"	"pieuseté"
"positif"	"positiveté"
"propre"	"propreté"
"pur"	"pureté"
"quotidien"	"quotidienneté"
"rare"	"rareté"
"riverain"	"riveraineté"
"saint"	"sainteté"
"sale"	"saleté"
"soudain"	"soudaineté"
"souverain"	"souveraineté"
"sûr"	"sûreté"
"suzerain"	"suzeraineté"
"tardif"	"tardiveté"
"tendre"	"tendreté"
"vil"	"vileté"
"anxieux"	"anxiété"
"beau"	"beauté"
"bon"	"bonté"
"cher"	"cherté"
"chrétien"	"chrétienté"
"clair"	"clarté"
"communal"	"communauté"
"contigu"	"contiguïté"
"cruel"	"cruauté"
"déloyal"	"déloyauté"
"difficile"	"difficulté"
"exigu"	"exiguïté"
"fier"	"fierté"
"impie"	"impiété"
"impubère"	"impuberté"
"libre"	"liberté"
"loyal"	"loyauté"
"notoire"	"notoriété"
"nouveau"	"nouveauté"
"papal"	"papauté"
"parent"	"parenté"
"pieux"	"piété"
"prépubère"	"prépuberté"
"propre"	"propriété"
"pubère"	"puberté"
"royal"	"royauté"
"sain"	"santé"
"sobre"	"sobriété"
"varié"	"variété"
"vétuste"	"vétusté"
"haut"	"altitude"
"ample"	"amplitude"
"apte"	"aptitude"
"béat"	"béatitude"
"certain"	"certitude"
"correct"	"correctitude"
"corse"	"corsitude"
"décrépit"	"décrépitude"
"exact"	"exactitude"
"femelle"	"femellitude"
"féminin"	"féminitude"
"fini"	"finitude"
"fort"	"fortitude"
"français"	"francitude"
"inapte"	"inaptitude"
"incertain"	"incertitude"
"incorrect"	"incorrectitude"
"indéfini"	"indéfinitude"
"inexact"	"inexactitude"
"infini"	"infinitude"
"ingrat"	"ingratitude"
"las"	"lassitude"
"large"	"latitude"
"long"	"longitude"
"grand"	"magnitude"
"maigre"	"maigritude"
"nègre"	"négritude"
"nul"	"nullitude"
"plan"	"planitude"
"plat"	"platitude"
"plein"	"plénitude"
"prompt"	"promptitude"
"québecois"	"québécitude"
"droit"	"rectitude"
"serf"	"servitude"
"semblable"	"similitude"
"seul"	"solitude"
"soucieux"	"sollicitude"
"vaste"	"vastitude"
"vil"	"vilitude"
"complet"	"complétude"
"désuet"	"désuétude"
"disquiet"	"disquiétude"
"hébété"	"hébétude"
"imcomplet"	"incomplétude"
"inquiet"	"inquiétude"
"quiet"	"quiétude"
"balourd"	"balourdise"
"bâtard"	"bâtardise"
"bavard"	"bavardise"
"bête"	"bêtise"
"blafard"	"blafardise"
"cafard"	"cafardise"
"cagnard"	"cagnardise"
"cornard"	"cornardise"
"couard"	"couardise"
"débrouillard"	"débrouillardise"
"égrillard"	"égrillardise"
"faiblard"	"faiblardise"
"fainéant"	"fainéantise"
"fêtard"	"fêtardise"
"flemmard"	"flemmardise"
"franc"	"franchise"
"friand"	"friandise"
"gaillard"	"gaillardise"
"galant"	"galantise"
"goguenard"	"goguenardise"
"gourmand"	"gourmandise"
"gueulard"	"gueulardise"
"jobard"	"jobardise"
"lourd"	"lourdise"
"maître"	"maîtrise"
"maraud"	"maraudise"
"mécréant"	"mécréantise"
"mignard"	"mignardise"
"mouchard"	"mouchardise"
"musard"	"musardise"
"paillard"	"paillardise"
"papelard"	"papelardise"
"pochard"	"pochardise"
"quiet"	"quiétise"
"ringard"	"ringardise"
"roublard"	"roublardise"
"savant"	"savantise"
"sot"	"sottise"
"traître"	"traîtrise"
"truand"	"truandise"
"vachard"	"vachardise"
"vaillant"	"vaillantise"
"vantard"	"vantardise"
"aigre"	"aigreur"
"albe"	"albeur"
"ample"	"ampleur"
"âpre"	"âpreur"
"blanc"	"blancheur"
"bleu"	"bleueur"
"blême"	"blêmeur"
"blond"	"blondeur"
"brun"	"bruneur"
"chaud"	"chaleur"
"doux"	"douceur"
"épais"	"épaisseur"
"fade"	"fadeur"
"frais"	"fraîcheur"
"froid"	"froideur"
"grand"	"grandeur"
"gros"	"grosseur"
"haut"	"hauteur"
"hideux"	"hideur"
"laid"	"laideur"
"large"	"largeur"
"lent"	"lenteur"
"long"	"longueur"
"lourd"	"lourdeur"
"maigre"	"maigreur"
"mince"	"minceur"
"moite"	"moiteur"
"noir"	"noirceur"
"pâle"	"pâleur"
"pesant"	"pesanteur"
"prime"	"primeur"
"profond"	"profondeur"
"puant"	"puanteur"
"raide"	"raideur"
"rond"	"rondeur"
"rose"	"roseur"
"rouge"	"rougeur"
"roux"	"rousseur"
"sombre"	"sombreur"
"tendre"	"tendreur"
"tiède"	"tiédeur"
"vert"	"verdeur"
"aîné"	"aînesse"
"allègre"	"allégresse"
"bas"	"bassesse"
"chiche"	"chichesse"
"délicat"	"délicatesse"
"étroit"	"étroitesse"
"faible"	"faiblesse"
"fin"	"finesse"
"gentil"	"gentillesse"
"gros"	"grossesse"
"hardi"	"hardiesse"
"hyperdélicat"	"hyperdélicatesse"
"impoli"	"impolitesse"
"indélicat"	"indélicatesse"
"ivre"	"ivresse"
"jeune"	"jeunesse"
"joli"	"joliesse"
"juste"	"justesse"
"large"	"largesse"
"maladroit"	"maladresse"
"mignon"	"mignonnesse"
"mou"	"mollesse"
"noble"	"noblesse"
"petit"	"petitesse"
"poli"	"politesse"
"preste"	"prestesse"
"preux"	"prouesse"
"riche"	"richesse"
"robuste"	"robustesse"
"rude"	"rudesse"
"sage"	"sagesse"
"scélerat"	"scéleratesse"
"sec"	"sécheresse"
"souple"	"souplesse"
"svelte"	"sveltesse"
"tendre"	"tendresse"
"triste"	"tristesse"
"vieux"	"vieillesse"
"vite"	"vitesse"
"aimable"	"aimablerie"
"allemand"	"allemanderie"
"babillard"	"babillarderie"
"badin"	"badinerie"
"balourd"	"balourderie"
"baroque"	"baroquerie"
"bavard"	"bavarderie"
"bécasse"	"bécasserie"
"bédouin"	"bédouinerie"
"bégueule"	"bégueulerie"
"bêtasse"	"bêtasserie"
"bête"	"bêterie"
"bigle"	"biglerie"
"bigot"	"bigoterie"
"bizarre"	"bizarrerie"
"blafard"	"blafarderie"
"blondasse"	"blondasserie"
"blond"	"blonderie"
"boche"	"bocherie"
"bohème"	"bohémerie"
"bonasse"	"bonasserie"
"bondieusard"	"bondieusarderie"
"bouffon"	"bouffonnerie"
"bougon"	"bougonnerie"
"bougre"	"bougrerie"
"braillard"	"braillarderie"
"bravache"	"bravacherie"
"bravard"	"bravaderie"
"brave"	"braverie"
"breton"	"bretonnerie"
"brouillon"	"brouillonnerie"
"brusque"	"brusquerie"
"cagot"	"cagoterie"
"câlin"	"câlinerie"
"canaille"	"canaillerie"
"cancre"	"cancrerie"
"casanier"	"casanerie"
"chafouin"	"chafouinerie"
"charlatan"	"charlatanerie"
"chiche"	"chicherie"
"chinois"	"chinoiserie"
"cocasse"	"cocasserie"
"cochon"	"cochonnerie"
"cocotte"	"cocotterie"
"con"	"connerie"
"coquet"	"coquetterie"
"coquin"	"coquinerie"
"couillon"	"couillonnerie"
"crapule"	"crapulerie"
"crasse"	"crasserie"
"crétin"	"crétinerie"
"cruche"	"crucherie"
"cucul"	"cucuterie"
"cuistre"	"cuistrerie"
"dégueulasse"	"dégueulasserie"
"dingue"	"dinguerie"
"douillet"	"douilletterie"
"droitier"	"droiterie"
"drôle"	"drôlerie"
"dupe"	"duperie"
"égoïste"	"égoïsterie"
"escobar"	"escobarderie"
"espagnol"	"espagnolerie"
"espiègle"	"espièglerie"
"étourdi"	"étourderie"
"fadasse"	"fadasserie"
"falot"	"faloterie"
"fanfaron"	"fanfaronnerie"
"fantasque"	"fantasquerie"
"faquin"	"faquinerie"
"faraud"	"farauderie"
"farouche"	"faroucherie"
"félon"	"félonnerie"
"filou"	"filouterie"
"finaud"	"finauderie"
"folâtre"	"folâtrerie"
"folichon"	"folichonnerie"
"fourbe"	"fourberie"
"fripouille"	"fripouillerie"
"fripon"	"fripponnerie"
"fumiste"	"fumisterie"
"furibond"	"furibonderie"
"galant"	"galanterie"
"gamin"	"gaminerie"
"garce"	"garcerie"
"gaucher"	"gaucherie 1"
"gauche"	"gaucherie 2"
"gaulois"	"gauloiserie"
"genevois"	"genevoiserie"
"gentillâtre"	"gentillâtrerie"
"gitan"	"gitanerie"
"glouton"	"gloutonnerie"
"goguenard"	"goguenarderie"
"goinfre"	"goinfrerie"
"goujat"	"goujaterie"
"gredin"	"gredinerie"
"grigou"	"grigouterie"
"grincheux"	"grincherie"
"grivois"	"grivoiserie"
"grognon"	"grognonnerie"
"grotesque"	"grotesquerie"
"grue"	"gruerie"
"gueux"	"gueuserie"
"guignol"	"guignolerie"
"hargneux"	"hargnerie"
"hautain"	"hautainerie"
"huguenot"	"huguenoterie"
"humanitaire"	"humanitairerie"
"ignare"	"ignarerie"
"ivrogne"	"ivrognerie"
"jacobin"	"jacobinerie"
"japonais"	"japonaiserie"
"jeanfoutre"	"jeanfoutrerie"
"jésuite"	"jésuiterie"
"jobard"	"jobarderie"
"jocrisse"	"jocrisserie"
"joyeux"	"joyeuserie"
"juif"	"juiverie"
"libidineux"	"libidinerie"
"limosin"	"limosinerie"
"long"	"longuerie"
"loufoque"	"loufoquerie"
"lourdaud"	"lourdauderie"
"lourd"	"lourderie"
"luron"	"luronnerie"
"lutin"	"lutinerie"
"macabre"	"macabrerie"
"malingre"	"malingrerie"
"maniaque"	"maniaquerie"
"maussade"	"maussaderie"
"mesquin"	"mesquinerie"
"mièvre"	"mièvrerie"
"mignon"	"mignonnerie"
"minaudier"	"minauderie"
"moche"	"mocherie"
"mollasse"	"mollasserie"
"moral"	"moralerie"
"mufle"	"muflerie"
"mulâtre"	"mulâtrerie"
"narquois"	"narquoiserie"
"niais"	"niaiserie"
"nigaud"	"nigauderie"
"oriental"	"orientalerie"
"païen"	"païennerie"
"partisan"	"partisanerie"
"patriote"	"patrioterie"
"paysan"	"paysannerie"
"pédant"	"pédanterie"
"piètre"	"piètrerie"
"pieusard"	"pieusarderie"
"pignouf"	"pignouferie"
"pingre"	"pingrerie"
"pleutre"	"pleutrerie"
"pochard"	"pocharderie"
"poète"	"poéterie"
"pointilleux"	"pointillerie"
"poissard"	"poissarderie"
"polichinelle"	"polichinellerie"
"polisson"	"polissonnerie"
"poltron"	"poltronnerie"
"pouillasse"	"pouillasserie"
"pouilleux"	"pouillerie"
"prude"	"pruderie"
"prude"	"prudoterie"
"pudibond"	"pudibonderie"
"putassier"	"putasserie"
"putain"	"putinerie"
"quelconque"	"quelconquerie"
"radin"	"radinerie"
"rococo"	"rococotterie"
"roublard"	"roublarderie"
"routinier"	"routinerie"
"rustaud"	"rustauderie"
"rustre"	"rustrerie"
"saligaud"	"saligauderie"
"salaud"	"saloperie"
"sauvage"	"sauvagerie"
"savantasse"	"savantasserie"
"savant"	"savanterie"
"sensible"	"sensiblerie"
"sophistiqué"	"sophistiquerie"
"souillon"	"souillonnerie"
"saoul"	"soûlerie"
"sournois"	"sournoiserie"
"spirituel"	"spirituellerie"
"sycophante"	"sycophanterie"
"tartuffe"	"tartufferie"
"tarzan"	"tarzanerie"
"tâtillon"	"tâtillonnerie"
"turc"	"turquerie"
"vache"	"vacherie"
"vagabond"	"vagabonderie"
"vantard"	"vantarderie"
"ventripotent"	"ventripoterie"
"veule"	"veulerie"
"vieux"	"vieillerie"
"vieillot"	"vieilloterie"
"voyou"	"voyouterie"
"androgyne"	"androgynie"
"anomal"	"anomalie"
"anonyme"	"anonymie"
"apatride"	"apatridie"
"apétale"	"apétalie"
"aristocrate"	"aristocratie"
"atone"	"atonie"
"autonome"	"autonomie"
"bipède"	"bipédie"
"bonhomme"	"bonhomie"
"bourgeois"	"bourgeoisie"
"chauve"	"calvitie"
"courtois"	"courtoisie"
"démagogue"	"démagogie"
"démocrate"	"démocratie"
"diaphane"	"diaphanie"
"discourtois"	"discourtoisie"
"économe"	"économie"
"éponyme"	"éponymie"
"félon"	"félonie"
"fou"	"folie"
"hypocrite"	"hypocrisie"
"idiot"	"idiotie"
"immodeste"	"immodestie"
"inepte"	"ineptie"
"inerte"	"inertie"
"infâme"	"infâmie"
"jaloux"	"jalousie"
"malade"	"maladie"
"misogyne"	"misogynie"
"modeste"	"modestie"
"monochrome"	"monochromie"
"monotone"	"monotonie"
"myope"	"myopie"
"nyctalope"	"nyctalopie"
"perfide"	"perfidie"
"presbyte"	"presbytie"
"vilain"	"vilénie"
"beauf"	"beaufferie"
"doux"	"doucerie"
"dégonflé"	"dégonflerie"
"dévot"	"dévoterie"
"franchouillard"	"franchouillerie"
"funèbre"	"funèbrerie"
"glauque"	"glauquerie"
"kitsch"	"kitscherie"
"maboule"	"maboulerie"
"métèque"	"métèquerie"
"nunuche"	"nunucherie"
"plouc"	"plouquerie"
"sauvageon"	"sauvageonnerie"
"sicilien"	"sicilianerie"
"végétal"	"végétalerie"
"youpin"	"youpinerie"
"albanais"	"albanitude"
"anglais"	"anglitude"
"arabe"	"arabitude"
"basque"	"basquitude"
"belge"	"belgitude"
"branché"	"branchitude"
"celte"	"celtitude"
"esclave"	"esclavitude"
"garce"	"garcitude"
"germain"	"germanitude"
"lyonnais"	"lyonnitude"
"mixe"	"mixitude"
"mâle"	"mâlitude"
"nordique"	"norditude"
"polonais"	"polonitude"
"punk"	"punkitude"
"serbe"	"serbitude"
"sincère"	"sincéritude"
"chinois"	"sinitude"
"slave"	"slavitude"
"vert"	"vertitude"
"âcre"	"âcreur"
"balourd"	"balourdeur"
"bas"	"basseur"
"beige"	"beigeur"
"brusque"	"brusqueur"
"court"	"courteur"
"droit"	"droiteur"
"drôle"	"drôleur"
"étroit"	"étroiteur"
"flasque"	"flasqueur"
"frêle"	"frêleur"
"glauque"	"glauqueur"
"gras"	"grasseur"
"gris"	"griseur"
"immense"	"immenseur"
"jaune"	"jauneur"
"limpide"	"limpideur"
"moche"	"mocheur"
"moindre"	"moindreur"
"perplexe"	"perplexeur"
"petit"	"petiteur"
"pingre"	"pingreur"
"plat"	"plateur"
"pourpre"	"pourpreur"
"prude"	"prudeur"
"rauque"	"rauqueur"
"rêche"	"rêcheur"
"russe"	"russeur"
"souple"	"soupleur"
"sourd"	"sourdeur"
"svelte"	"svelteur"
"terne"	"terneur"
"torride"	"torrideur"
"abrupt"	"abruptesse"
"adroit"	"adroitesse"
"adulte"	"adultesse"
"agile"	"agilesse"
"aigre"	"aigresse"
"alerte"	"alertesse"
"ample"	"amplesse"
"aveugle"	"aveuglesse"
"bête"	"bêtesse"
"blême"	"blêmesse"
"fleur-bleu"	"fleur-bleuitesse"
"bon"	"bonnesse"
"brave"	"bravesse"
"brun"	"brunesse"
"brusque"	"brusquesse"
"brut"	"brutesse"
"calme"	"calmesse"
"célère"	"céleresse"
"cheap"	"cheapesse"
"chic"	"chiquesse"
"cool"	"coollesse"
"correct"	"correctesse"
"crasse"	"crassesse"
"démerde"	"démerdesse"
"doux"	"doucesse"
"droit"	"droitesse"
"dur"	"duretesse"
"fade"	"fadesse"
"flasque"	"flasquesse"
"flou"	"floutesse"
"fourbe"	"fourbesse"
"froid"	"froidesse"
"funky"	"funkyesse"
"gauche"	"gauchesse"
"gratuit"	"gratuitesse"
"habile"	"habilesse"
"ignare"	"ignaresse"
"ignoble"	"ignoblesse"
"immonde"	"immondesse"
"inculte"	"incultesse"
"ingrat"	"ingratesse"
"injuste"	"injustesse"
"joliet"	"jolietesse"
"joli"	"jolitesse"
"lâche"	"lâchesse"
"laid"	"laidesse"
"las"	"lassesse"
"léger"	"légeresse"
"lent"	"lentesse"
"lisse"	"lissesse"
"lourd"	"lourdesse"
"maigrichon"	"maigrichonnesse"
"maladroit"	"maladroitesse"
"malagauche"	"malagauchesse"
"malpoli"	"malpolitesse"
"mimi"	"mimitesse"
"mince"	"mincesse"
"minot"	"minotesse"
"minuscule"	"minusculesse"
"moche"	"mochesse"
"modeste"	"modestesse"
"moindre"	"moindresse"
"nul"	"nullesse"
"pâle"	"pâlesse"
"parfait"	"parfaitesse"
"pauvre"	"pauvretesse"
"perfide"	"perfidesse"
"petiot"	"petiotesse"
"plat"	"platesse"
"pointu"	"pointutesse"
"pourri"	"pourritesse"
"profond"	"profondesse"
"prompt"	"promptesse"
"propre"	"propresse"
"prude"	"prudesse"
"ramolli"	"ramollesse"
"rapide"	"rapidesse"
"rêche"	"rêchesse"
"ridicule"	"ridiculesse"
"riquiqui"	"riquiquitesse"
"rustre"	"rustresse"
"sobre"	"sobresse"
"sombre"	"sombresse"
"strict"	"strictesse"
"subtil"	"subtilesse"
"sûr"	"sûresse"
"sympa"	"sympatesse"
"tâtillon"	"tâtillonesse"
"têtu"	"têtutesse"
"timide"	"timidesse"
"valide"	"validesse"
"vaste"	"vastesse"
"vide"	"videsse"
"adepte"	"adeptise"
"artiste"	"artistise"
"babillard"	"babillardise"
"badaud"	"badaudise"
"bébête"	"bébêtise"
"beuglard"	"beuglardise"
"blédard"	"blédardise"
"bleuet"	"bleuetise"
"bobard"	"bobardise"
"boitard"	"boitardise"
"bonnard"	"bonnardise"
"braillard"	"braillardise"
"brillant"	"brillantise"
"briscard"	"briscardise"
"brocard"	"brocardise"
"brute"	"brutise"
"busard"	"busardise"
"cabochard"	"cabochardise"
"camard"	"camardise"
"campagnard"	"campagnardise"
"charmant"	"charmantise"
"prince charmant"	"prince charmantise"
"charognard"	"charognardise"
"chauffard"	"chauffardise"
"chevillard"	"chevillardise"
"chiant"	"chiantise"
"chiard"	"chiardise"
"choquant"	"choquantise"
"clébard"	"clébardise"
"clochard"	"clochardise"
"connard"	"connardise"
"content"	"contentise"
"coquillard"	"coquillardise"
"cossard"	"cossardise"
"couche-tard"	"couche-tardise"
"couillard"	"couillardise"
"crevard"	"crevardise"
"criant"	"criantise"
"criard"	"criardise"
"croustillant"	"croustillantise"
"débutant"	"débutantise"
"démerdard"	"démerdardise"
"déviant"	"déviantise"
"direct"	"directise"
"émouvant"	"émouvantise"
"bon enfant"	"bon enfantise"
"fadard"	"fadardise"
"fagnard"	"fagnardise"
"faignant"	"faignantise"
"feignant"	"feignantise"
"fendard"	"fendardise"
"flémard"	"flémardise"
"père-fouettard"	"père-fouettardise"
"fouinard"	"fouinardise"
"froussard"	"froussardise"
"furibard"	"furibardise"
"fuyard"	"fuyardise"
"géant"	"géantise"
"geignard"	"geignardise"
"gluant"	"gluantise"
"gourd"	"gourdise"
"grassouillet"	"grassouilletise"
"grognard"	"grognardise"
"guépard"	"guépardise"
"hagard"	"hagardise"
"hard"	"hardise"
"honnête"	"honnêtise"
"honteux"	"honteuserie"
"huard"	"huardise"
"hussard"	"hussardise"
"ignorant"	"ignorantise"
"imparfait"	"imparfaitise"
"inculte"	"incultise"
"inexpert"	"inexpertise"
"laid"	"laidise"
"lent"	"lentise"
"liard"	"liardise"
"maladroit"	"maladroitise"
"méchant"	"méchantise"
"molard"	"molardise"
"motard"	"motardise"
"nanard"	"nanardise"
"nanti"	"nantise"
"nullard"	"nullardise"
"pantouflard"	"pantouflardise"
"patriotard"	"patriotardise"
"pédant"	"pédantise"
"peinard"	"peinardise"
"mauvais-perdant"	"mauvaise-perdantise"
"pétard"	"pétardise"
"pétochard"	"pétochardise"
"pillard"	"pillardise"
"plaignard"	"plaignardise"
"plantard"	"plantardise"
"pleurnichard"	"pleurnichardise"
"plumard"	"plumardise"
"poignant"	"poignantise"
"poissard"	"poissardise"
"politicard"	"politicardise"
"poulard"	"poulardise"
"prétentiard"	"prétentiardise"
"puant"	"puantise"
"ramenard"	"ramenardise"
"répugnant"	"répugnantise"
"ribaud"	"ribaudise"
"rigolard"	"rigolardise"
"routard"	"routardise"
"salonnard"	"salonnardise"
"salopard"	"salopardise"
"scélérat"	"scélératise"
"smicard"	"smicardise"
"snobard"	"snobardise"
"snobinard"	"snobinardise"
"soiffard"	"soiffardise"
"soixante-huitard"	"soixante-huitardise"
"sourd"	"sourdise"
"tocard"	"tocardise"
"traînard"	"traînardise"
"tricard"	"tricardise"
"trimard"	"trimardise"
"trouillard"	"trouillardise"
"vasouillard"	"vasouillardise"
"veinard"	"veinardise"
"vieillard"	"vieillardise"
"viocard"	"viocardise"
"voyant"	"voyantise"
"avare"	"avarice"
"juste"	"justice"
"injuste"	"injustice"
"mal"	"malice"
"immonde"	"immondice"
"abject"	"abjectitude"
"abouti"	"aboutitude"
"abstrus"	"abstrusitude"
"admirable"	"admirabilitude"
"adulte"	"adultitude"
"agrégé"	"agrégitude"
"aigre"	"aigritude"
"aliéné"	"aliénitude"
"alsacien"	"alsacianitude"
"amical"	"amicalitude"
"amorphe"	"amorphitude"
"anglo-saxon"	"anglo-saxonitude"
"angoissé"	"angoissitude"
"ashkénaze"	"ashkénazitude"
"auburn"	"auburnitude"
"autrichien"	"autrichianitude"
"autre"	"autritude"
"avachi"	"avachitude"
"avare"	"avaritude"
"barbare"	"barbaritude"
"beau"	"bellitude"
"beur"	"beuritude"
"bienheureux"	"bienheureusitude"
"blafard"	"blafarditude"
"blaireau"	"blaireautitude"
"blanc"	"blanchitude"
"blême"	"blêmitude"
"bohême"	"bohêmitude"
"bon enfant"	"bon enfantitude"
"bonnard"	"bonnarditude"
"boréal"	"boréalitude"
"lèche-botte"	"lèche-bottitude"
"boudiné"	"boudinitude"
"bouffi"	"bouffitude"
"bouilli"	"bouillitude"
"bourguignon"	"bourguignonitude"
"bourru"	"bourrutitude"
"bourré"	"bourritude"
"boursier"	"boursitude"
"branquignole"	"branquignolitude"
"brave"	"bravitude"
"bravache"	"bravachitude"
"bressan"	"bressanitude"
"breton"	"bretonnitude"
"bébête"	"bébêtitude"
"cafre"	"cafritude"
"cajun"	"cajunitude"
"capital"	"capitalitude"
"carrossable"	"carrossitude"
"carton"	"cartonnitude"
"casanier"	"casanitude"
"censé"	"censitude"
"chaleureux"	"chaleureusitude"
"chauve"	"chauvitude"
"cheap"	"cheapitude"
"chiant"	"chiantitude"
"chinois"	"chinoisitude"
"chipotier"	"chipotitude"
"chic"	"chiquitude"
"chnoque"	"chnoquitude"
"chou"	"choutitude"
"civilisé"	"civilisitude"
"clair"	"clairitude"
"classe"	"classitude"
"cliché"	"clichitude"
"cocasse"	"cocassitude"
"cochon"	"cochonnitude"
"collectif"	"collectivitude"
"comblé"	"comblitude"
"communautaire"	"communautaritude"
"compact"	"compactitude"
"compliqué"	"compliquitude"
"comptable"	"comptabilitude"
"confiné"	"confinitude"
"conjoint"	"conjointitude"
"con"	"connitude"
"contracté"	"contractitude"
"cordial"	"cordialitude"
"coréen"	"coréanitude"
"craspec"	"craspecitude"
"crispé"	"crispitude"
"croustillant"	"croustillantitude"
"cru"	"crutitude"
"crépu"	"crépitude"
"crétin"	"crétinitude"
"cultivé"	"cultivitude"
"cynique"	"cynicitude"
"célère"	"céléritude"
"cérébral"	"cérébralitude"
"cévenol"	"cévenolitude"
"dansable"	"dansabilitude"
"différent"	"différentitude"
"dingo"	"dingotitude"
"diplômé"	"diplômitude"
"disparate"	"disparatitude"
"divers"	"diversitude"
"divin"	"divinitude"
"divorcé"	"divorcitude"
"drôle"	"drôlitude"
"double"	"duplicitude"
"débile"	"débilitude"
"débraillé"	"débraillitude"
"déchaîné"	"déchaînitude"
"déférent"	"déférentitude"
"déglingué"	"déglinguitude"
"dégoûtant"	"dégoûtitude"
"délinquant"	"délinquantitude"
"démerde"	"démerditude"
"dépité"	"dépititude"
"désabusé"	"désabusitude"
"désuet"	"désuetitude"
"dévasté"	"dévastitude"
"enflé"	"enflitude"
"expansé"	"expansitude"
"exsangue"	"exsanguitude"
"extra-terrestre"	"extra-terrestritude"
"ébaubi"	"ébaubitude"
"économe"	"économitude"
"électoral"	"électoralitude"
"élégant"	"élégantitude"
"énorme"	"énormitude"
"étourdi"	"étourditude"
"évolutif"	"évolutivitude"
"fastoche"	"fastochitude"
"fatigué"	"fatiguitude"
"sans-fil"	"sans-filitude"
"fiscal"	"fiscalitude"
"flagrant"	"flagrantitude"
"flamand"	"flamanditude"
"flapi"	"flapitude"
"flave"	"flavitude"
"flexible"	"flexibilitude"
"flétri"	"flétritude"
"foireux"	"foireusitude"
"folk"	"folkitude"
"foncé"	"foncitude"
"forestier"	"forestitude"
"fouilli"	"fouillitude"
"fourbe"	"fourbitude"
"francophone"	"francophonitude"
"frappadingue"	"frappadinguitude"
"frileux"	"frilositude"
"frisé"	"frisitude"
"frisquet"	"frisquitude"
"froid"	"froiditude"
"froussard"	"froussarditude"
"félon"	"félonitude"
"genevois"	"genevoisitude"
"gentil"	"gentillitude"
"glacé"	"glacitude"
"gnan-gnan"	"gnan-gnanitude"
"goulu"	"goulutitude"
"gourmand"	"gourmanditude"
"grand"	"granditude"
"grave"	"gravitude"
"grincheux"	"grinchositude"
"gringo"	"gringitude"
"grisâtre"	"grisâtritude"
"grognon"	"grognonitude"
"guilleret"	"guillerettitude"
"géant"	"géantitude"
"généreux"	"générositude"
"habile"	"habilitude"
"hard"	"harditude"
"honnête"	"honnêtitude"
"humble"	"humblitude"
"hybride"	"hybriditude"
"hétérosexuel"	"hétérosexualitude"
"illogique"	"illogicitude"
"illustre"	"illustritude"
"imberbe"	"imberbitude"
"imbitable"	"imbitabilitude"
"immigré"	"immigritude"
"immobile"	"immobilitude"
"immédiat"	"immédiatitude"
"impuni"	"impunitude"
"impérial"	"impérialitude"
"inactif"	"inactivitude"
"inadapté"	"inadaptitude"
"incarné"	"incarnitude"
"incongru"	"incongruitude"
"inconsolable"	"inconsolabilitude"
"incorruptible"	"incorruptibilitude"
"increvable"	"increvabilitude"
"indigène"	"indigénitude"
"interloqué"	"interloquitude"
"intègre"	"intégritude"
"irrésistible"	"irrésistibilitude"
"islamique"	"islamicitude"
"jaloux"	"jalousitude"
"jaunasse"	"jaunassitude"
"jaune"	"jaunitude"
"jouasse"	"jouassitude"
"jouissif"	"jouissivitude"
"joyeux"	"joyeusitude"
"kamikaze"	"kamikazitude"
"kitsch"	"kitschitude"
"laid"	"laiditude"
"lamentable"	"lamentabilitude"
"larve"	"larvitude"
"latin"	"latinitude"
"lauréat"	"lauréatitude"
"lent"	"lentitude"
"lesbien"	"lesbianitude"
"libre"	"libritude"
"loufoque"	"loufoquitude"
"lugubre"	"lugubritude"
"lyonnais"	"lyonnaisitude"
"légal"	"légalitude"
"magnanime"	"magnanimitude"
"magyar"	"magyaritude"
"maigrichon"	"maigrichonitude"
"maladroit"	"maladroititude"
"malin"	"malinitude"
"manchot"	"manchotitude"
"marocain"	"marocanitude"
"marseillais"	"marseillaisitude"
"massif"	"massivitude"
"matinal"	"matinalitude"
"maure"	"mauritude"
"miro"	"mirotitude"
"mièvre"	"mièvritude"
"mobile"	"mobilitude"
"modeste"	"modestitude"
"moelleux"	"moellitude"
"moisi"	"moisitude"
"moite"	"moititude"
"monotone"	"monotonitude"
"monstre"	"monstritude"
"monumental"	"monumentalitude"
"moral"	"moralitude"
"morbide"	"morbiditude"
"morfal"	"morfalitude"
"mort"	"mortitude"
"mouton"	"moutonnitude"
"mythomane"	"mythomanitude"
"mécréant"	"mécréantitude"
"métisse"	"métissitude"
"mûr"	"mûritude"
"nacre"	"nacritude"
"nain"	"nanitude"
"nanti"	"nantitude"
"naufragé"	"naufragitude"
"navrant"	"navritude"
"naze"	"nazitude1"
"nazi"	"nazitude2"
"nerveux"	"nervositude"
"nippon"	"nipponitude"
"nomade"	"nomaditude"
"nord-américain"	"nord-américanitude"
"nullipare"	"nulliparitude"
"néophyte"	"néophytitude"
"oblong"	"oblongitude"
"ocre"	"ocritude"
"opposable"	"opposabilitude"
"orphelin"	"orphelinitude"
"ouvert"	"ouvertitude"
"pailleté"	"paillettitude"
"palpitant"	"palpitantitude"
"paranormal"	"paranormalitude"
"parisien"	"parisianitude"
"parme"	"parmitude"
"passif"	"passivitude"
"peinard"	"peinarditude"
"penché"	"penchitude"
"permissif"	"permissivitude"
"perpendiculaire"	"perpendicularitude"
"picard"	"picarditude"
"placide"	"placiditude"
"plastique"	"plasticitude"
"pleurnichard"	"pleurnicharditude"
"plouque"	"plouquitude"
"pluriel"	"pluralitude"
"plâtré"	"plâtritude"
"poivrot"	"poivritude"
"polaire"	"polaritude"
"politicard"	"politicarditude"
"polyglotte"	"polyglottitude"
"pompeux"	"pompitude"
"postmoderne"	"postmodernitude"
"pourpre"	"pourpritude"
"prestigieux"	"prestigiositude"
"progressif"	"progressivitude"
"propre"	"propritude"
"protestant"	"protestantitude"
"pro"	"protitude"
"provisoire"	"provisoiritude"
"pur"	"puritude"
"pénard"	"pénarditude"
"périodique"	"périodicitude"
"quelconque"	"quelconquitude"
"rabat-joie"	"rabat-joitude"
"racorni"	"racornitude"
"radical"	"radicalitude"
"raffiné"	"raffinitude"
"raisonnable"	"raisonnabilitude"
"rance"	"rancitude"
"rarissime"	"rarissimitude"
"rebelle"	"rebellitude"
"redevable"	"redevabilitude"
"refoulé"	"refoulitude"
"riquiqui"	"riquiquitude"
"risqué"	"risquitude"
"robuste"	"robustitude"
"rogné"	"rognitude"
"roman"	"romanitude"
"romanesque"	"romanesquitude"
"ronchon"	"ronchonitude"
"rond"	"ronditude"
"roublard"	"roublarditude"
"rouge"	"rougitude"
"rouillé"	"rouillitude"
"régional"	"régionalitude"
"sacré"	"sacritude"
"salin"	"salinitude"
"saumâtre"	"saumâtritude"
"savant"	"savantitude"
"savoureux"	"savourositude"
"savoyard"	"savoyarditude"
"scolaire"	"scolaritude"
"scélérat"	"scélérattitude"
"select"	"selectitude"
"senior"	"senioritude"
"sensuel"	"sensualitude"
"sexiste"	"sexistitude"
"sicilien"	"sicilianitude"
"sidéré"	"sidéritude"
"sinistre"	"sinistritude"
"slovène"	"slovénitude"
"socialiste"	"socialistitude"
"sombre"	"sombritude"
"stable"	"stabilitude"
"stupide"	"stupiditude"
"suffisant"	"suffisantitude"
"surfait"	"surfaititude"
"syndical"	"syndicalitude"
"séductif"	"séductivitude"
"sérieux"	"sérieusitude"
"sérénissime"	"sérénissimitude"
"sévère"	"sévéritude"
"tamoul"	"tamoulitude"
"temporel"	"temporalitude"
"tenable"	"tenabilitude"
"terrestre"	"terrestritude"
"terroriste"	"terroristitude"
"timoré"	"timoritude"
"toqué"	"toquitude"
"total"	"totalitude"
"touffu"	"touffuitude"
"toulousain"	"toulousainitude"
"toxique"	"toxicitude"
"triste"	"tristitude"
"trépidant"	"trépidantitude"
"underground"	"undergrounditude"
"valaisan"	"valaisanitude"
"valide"	"validitude"
"vaudois"	"vaudoisitude"
"velu"	"velutitude"
"vespéral"	"vespéralitude"
"victime"	"victimitude"
"vide"	"viditude"
"vieux"	"vieillitude"
"vierge"	"viergitude"
"vigilant"	"vigilantitude"
"viking"	"vikingitude"
"vivace"	"vivacitude"
"vénal"	"vénalitude"
"waterproof"	"waterproofitude"
"xénophobe"	"xénophobitude"
"youpin"	"youpinitude"
"zen"	"zenitude"
"zinzin"	"zinzinitude"
"abracadabrant"	"abracadabranterie"
"abracadabrantesque"	"abracadabrantesquerie"
"abscons"	"absconserie"
"absolu"	"absoluterie"
"absurde"	"absurderie"
"adolescent"	"adolescenterie"
"adulte"	"adulterie"
"africain"	"africanerie"
"aigrefin"	"aigrefinerie"
"aigre"	"aigrerie"
"aixois"	"aixoiserie"
"albanais"	"albanaiserie"
"albigeois"	"albigeoiserie"
"algérien"	"algériennerie"
"ambidextre"	"ambidextrerie"
"amical"	"amicalerie"
"amusant"	"amusanterie"
"américain"	"américainerie"
"anarchiste"	"anarchisterie"
"anglais"	"anglaiserie"
"anglich"	"anglicherie"
"anglo-saxon"	"anglo-saxonnerie"
"animiste"	"animisterie"
"anodin"	"anodinerie"
"anti-humaniste"	"anti-humanisterie"
"apache"	"apacherie"
"aquilain"	"aquilainerie"
"arabe"	"araberie"
"atroce"	"atrocerie"
"autiste"	"autisterie"
"autodidacte"	"autodidacterie"
"auvergnat"	"auvergnaterie"
"aveugle"	"aveuglerie"
"aztèque"	"aztèquerie"
"balaise"	"balaiserie"
"balluche"	"ballucherie"
"banal"	"banalerie"
"bancal"	"bancalerie"
"banlieusard"	"banlieusarderie"
"barbant"	"barbanterie"
"barbouze"	"barbouzerie"
"basané"	"basanerie"
"basque"	"basquerie"
"bayonnais"	"bayonnaiserie"
"beatnik"	"beatnikerie"
"belge"	"belgerie"
"belliqueux"	"belliquerie"
"bellâtre"	"bellâtrerie"
"benoît"	"benoîterie"
"benoîton"	"benoîtonnerie"
"benêt"	"benêterie"
"berlinois"	"berlinoiserie"
"berrichon"	"berrichonnerie"
"bestial"	"bestialerie"
"biaisé"	"biaiserie"
"bien-pensant"	"bien-pensanterie"
"bigame"	"bigamerie"
"bigarré"	"bigarrerie"
"bigouden"	"bigoudenerie"
"bilingue"	"bilinguerie"
"bipède"	"bipèderie"
"birman"	"birmanerie"
"biscornu"	"biscornuterie"
"bisontin"	"bisontinerie"
"blaireau"	"blaireauterie"
"blanchâtre"	"blanchâtrerie"
"blasé"	"blaserie"
"blessant"	"blessanterie"
"bleuâtre"	"bleuâtrerie"
"blondin"	"blondinerie"
"bohémien"	"bohémiennerie"
"bordelais"	"bordelaiserie"
"bouddhiste"	"bouddhisterie"
"bouillant"	"bouillanterie"
"boulet"	"bouleterie"
"bourgeois"	"bourgeoiserie"
"boursouflé"	"boursouflerie"
"branché"	"brancherie"
"branque"	"branquerie"
"branquignol"	"branquignolerie"
"braqué"	"braquerie"
"bredin"	"bredinerie"
"bredouille"	"bredouillerie"
"brillant"	"brillanterie"
"brindezingue"	"brindezinguerie"
"british"	"britisherie"
"brutal"	"brutalerie"
"brute"	"bruterie"
"bruxellois"	"bruxelloiserie"
"bruyant"	"bruyanterie"
"bref"	"brèverie"
"brésilien"	"brésiliennerie"
"burlesque"	"burlesquerie"
"byzantin"	"byzantinerie"
"bébête"	"bébêterie"
"bénin"	"bénignerie"
"cul-bénit"	"cul-béniterie"
"béotien"	"béotiennerie"
"bétasse"	"bétasserie"
"cabotin"	"cabotinerie"
"camerounais"	"camerounaiserie"
"campagnard"	"campagnarderie"
"canadien"	"canadiennerie"
"candide"	"candiderie"
"canin"	"caninerie"
"capon"	"caponnerie"
"carnassier"	"carnasserie"
"carthaginois"	"carthaginoiserie"
"carthésien"	"cartésienerie"
"castillan"	"castillanerie"
"catalan"	"catalanerie"
"cauchemardesque"	"cauchemardesquerie"
"bobo-caviard"	"bobo-caviarderie"
"celte"	"celterie"
"centripète"	"centripèterie"
"champêtre"	"champêtrerie"
"charmant"	"charmanterie"
"chauve"	"chauverie"
"chauvin"	"chauvinerie"
"cheap"	"cheaperie"
"chevaleresque"	"chevaleresquerie"
"chiant"	"chianterie"
"chien"	"chienerie"
"chiite"	"chiiterie"
"chilien"	"chiliennerie"
"chic"	"chiquerie"
"chleuh"	"chleuherie"
"chnoque"	"chnoquerie"
"chou"	"chouterie"
"nickel-chrome"	"nickel-chromerie"
"chrétien"	"chrétiennerie"
"cinglant"	"cinglanterie"
"cinglé"	"cinglerie"
"cinéphile"	"cinéphilerie"
"citadin"	"citadinerie"
"clandestin"	"clandestinerie"
"clean"	"cleanerie"
"clinquant"	"clinquanterie"
"clownesque"	"clownesquerie"
"clérical"	"cléricalerie"
"coincé"	"coincerie"
"baba-cool"	"baba-coolerie"
"communiste"	"communisterie"
"complexe"	"complexerie"
"compliqué"	"compliquerie"
"comtois"	"comtoiserie"
"congolais"	"congolaiserie"
"conjugal"	"conjugalerie"
"connard"	"connarderie"
"consanguin"	"consanguinerie"
"content"	"contenterie"
"cool"	"coolerie"
"coquinet"	"coquinetterie"
"cordial"	"cordialerie"
"correct"	"correcterie"
"corse"	"corserie"
"coréen"	"coréennerie"
"cossard"	"cossarderie"
"costaud"	"costauderie"
"couard"	"couarderie"
"coulant"	"coulanterie"
"courageux"	"couragerie"
"courtois"	"courtoiserie"
"craignosse"	"craignosserie"
"crevard"	"crevarderie"
"criard"	"criarderie"
"croquignole"	"croquignolerie"
"danois"	"danoiserie"
"dantesque"	"dantesquerie"
"dauphinois"	"dauphinoiserie"
"diaphane"	"diaphanerie"
"difficile"	"difficilerie"
"digital"	"digitalerie"
"dingo"	"dingotterie"
"diplomate"	"diplomaterie"
"discourtois"	"discourtoiserie"
"divin"	"divinerie"
"doucet"	"doucetterie"
"douceâtre"	"douceâtrerie"
"duel"	"dualerie"
"débauché"	"débaucherie"
"débile"	"débilerie"
"débrouillard"	"débrouillarderie"
"débutant"	"débutanterie"
"déconfit"	"déconfiterie"
"dédaigneux"	"dédaignerie"
"dégingandé"	"déginganderie"
"déglingué"	"déglinguerie"
"dégourdi"	"dégourderie"
"dégoûtant"	"dégoûtanterie"
"délicat"	"délicaterie"
"démocrate"	"démocraterie"
"démoniaque"	"démoniaquerie"
"dépravé"	"dépraverie"
"désordonné"	"désordonnerie"
"désossé"	"désosserie"
"désuet"	"désuetterie"
"détaillé"	"détaillerie"
"détraqué"	"détraquerie"
"dévergondé"	"dévergonderie"
"effarouché"	"effaroucherie"
"enfantin"	"enfantinerie"
"européen"	"européenerie"
"faignant"	"faignanterie"
"fainéant"	"fainéanterie"
"falbalassé"	"falbalasserie"
"fanfreluché"	"fanfrelucherie"
"fantoche"	"fantocherie"
"fan"	"fanerie"
"farfelu"	"farfeluterie"
"fasciste"	"fascisterie"
"fastoche"	"fastocherie"
"fatigant"	"fatiganterie"
"fatigué"	"fatiguerie"
"feignasse"	"feignasserie"
"femelle"	"femellerie"
"fielleux"	"fiellerie"
"finlandais"	"finlandaiserie"
"finnois"	"finnoiserie"
"flamand"	"flamanderie"
"flamboyant"	"flamboyanterie"
"flasque"	"flasquerie"
"flemmard"	"flemmarderie"
"flou"	"flouterie"
"fluet"	"flueterie"
"foufou"	"fofollerie"
"folasse"	"folasserie"
"folingue"	"folinguerie"
"fou"	"follerie"
"fortuit"	"fortuiterie"
"foufou"	"foufouterie"
"foutraque"	"foutraquerie"
"francophone"	"francophonerie"
"français"	"françaiserie"
"frappadingue"	"frappadinguerie"
"frisquet"	"frisquetterie"
"frivole"	"frivolerie"
"frontalier"	"frontalerie"
"froussard"	"froussarderie"
"frugal"	"frugalerie"
"frêle"	"frêlerie"
"fugace"	"fugacerie"
"fumasse"	"fumasserie"
"funeste"	"funesterie"
"furax"	"furaxerie"
"futile"	"futilerie"
"fécal"	"fécalerie"
"fédéral"	"fédéralerie"
"féminin"	"fémininerie"
"féministe"	"féministerie"
"féroce"	"férocerie"
"fétiche"	"féticherie"
"fétide"	"fétiderie"
"fêlé"	"fêlerie"
"bas de gamme"	"bas de gammerie"
"gargantuesque"	"gargantuesquerie"
"garçonnier"	"garçonnerie"
"gascon"	"gasconnerie"
"gauchisant"	"gauchisanterie"
"gauchiste"	"gauchisterie"
"geignard"	"geignarderie"
"gentillet"	"gentilletterie"
"germain"	"germanerie"
"gigantesque"	"gigantesquerie"
"girondin"	"girondinerie"
"givré"	"givrerie"
"glabre"	"glabrerie"
"gluant"	"gluanterie"
"gnangnan"	"gnangnanerie"
"godiche"	"godicherie"
"godichon"	"godichonnerie"
"gonflé"	"gonflerie"
"goth"	"gotherie"
"goulafre"	"goulafrerie"
"goulu"	"gouluterie"
"gourde"	"gourderie"
"grassouillet"	"grassouilleterie"
"gratuit"	"gratuiterie"
"gravosse"	"gravosserie"
"grec"	"grecquerie"
"grisâtre"	"grisâtrerie"
"gueulard"	"gueularderie"
"guignolesque"	"guignolesquerie"
"guilleret"	"guilleretterie"
"guindé"	"guinderie"
"géant"	"géanterie"
"génial"	"génialerie"
"handicapé"	"handicaperie"
"haïtien"	"haïtiennerie"
"hindou"	"hindouisterie"
"hollywoodien"	"hollywoodiennerie"
"hongrois"	"hongroiserie"
"honteux"	"honterie"
"humain"	"humainerie"
"humaniste"	"humanisterie"
"humble"	"humblerie"
"hypocondriaque"	"hypocondriaquerie"
"hypocrite"	"hypocriterie"
"hédoniste"	"hédonisterie"
"iconoclaste"	"iconoclasterie"
"idiot"	"idioterie"
"idolâtre"	"idolâtrerie"
"ignoble"	"ignoblerie"
"illégal"	"illégalerie"
"imbécile"	"imbécilerie"
"immonde"	"immonderie"
"inculte"	"inculterie"
"indien"	"indiennerie"
"indigeste"	"indigesterie"
"indigne"	"indignerie"
"indépendant"	"indépendanterie"
"infantile"	"infantilerie"
"infâme"	"infâmerie"
"inintéressant"	"inintéressanterie"
"innocent"	"innocenterie"
"insignifiant"	"insignifianterie"
"insipide"	"insipiderie"
"insolent"	"insolenterie"
"insolite"	"insoliterie"
"insomniaque"	"insomniaquerie"
"intelligent"	"intelligenterie"
"intime"	"intimerie"
"intrinsèque"	"intrinsèquerie"
"inutile"	"inutilerie"
"iranien"	"iraniennerie"
"irlandais"	"irlandaiserie"
"italien"	"italiennerie"
"ivre"	"ivrerie"
"janséniste"	"jansénisterie"
"jaunasse"	"jaunasserie"
"jaune"	"jaunerie"
"jaunâtre"	"jaunâtrerie"
"jeune"	"jeunerie"
"jeunet"	"jeunetterie"
"jouasse"	"jouasserie"
"jovial"	"jovialerie"
"judéo-chrétien"	"judéo-chrétiennerie"
"jéhoviste"	"jéhovisterie"
"kabyl"	"kabylerie"
"kurde"	"kurderie"
"lacrymal"	"lacrymalerie"
"laid"	"laiderie"
"larmoyant"	"larmoyanterie"
"las"	"lasserie"
"latin"	"latinerie"
"lesbien"	"lesbiennerie"
"libertin"	"libertinerie"
"libéral"	"libéralerie"
"liégeois"	"liégeoiserie"
"loquace"	"loquacerie"
"louf"	"louferie"
"louftingue"	"louftinguerie"
"lourdingue"	"lourdinguerie"
"lupin"	"lupinerie"
"lyonnais"	"lyonnaiserie"
"lâche"	"lâcherie"
"lèche-cul"	"lèche-culerie"
"légitime"	"légitimerie"
"machiste"	"machisterie"
"maigrichon"	"maigrichonnerie"
"maladroit"	"maladroiterie"
"malcommode"	"malcommoderie"
"malentendant"	"malentendanterie"
"malgache"	"malgacherie"
"malin"	"malinerie"
"malodorant"	"malodoranterie"
"malsain"	"malsainerie"
"mandingue"	"mandinguerie"
"marocain"	"marocanerie"
"marrant"	"marranterie"
"marseillais"	"marseillaiserie"
"martial"	"martialerie"
"masochiste"	"masochisterie"
"mauvais"	"mauvaiserie"
"mercantile"	"mercantilerie"
"mexicain"	"mexicanerie"
"minuscule"	"minusculerie"
"misanthrope"	"misanthroperie"
"moderne"	"modernerie"
"modeste"	"modesterie"
"mollasson"	"mollassonnerie"
"mou"	"mollerie"
"mondain"	"mondainerie"
"mongol"	"mongolerie"
"monothéiste"	"monothéisterie"
"monotone"	"monotonerie"
"moraliste"	"moralisterie"
"morbide"	"morbiderie"
"morfale"	"morfalerie"
"moribond"	"moribonderie"
"morne"	"mornerie"
"morveux"	"morverie"
"mouillé"	"mouillerie"
"moulant"	"moulanterie"
"moyen"	"moyennerie"
"muet"	"mueterie"
"musard"	"musarderie"
"mutant"	"mutanterie"
"myope"	"myoperie"
"mythomane"	"mythomanerie"
"méchant"	"méchanterie"
"médiocre"	"médiocrerie"
"médiéval"	"médiévalerie"
"mégalomaniaque"	"mégalomaniaquerie"
"mélomane"	"mélomanerie"
"nain"	"nainerie"
"napolitain"	"napolitainerie"
"nase"	"naserie"
"nasillard"	"nasillarderie"
"nauséabond"	"nauséabonderie"
"naïf"	"naïverie"
"niaisard"	"niaisarderie"
"nippon"	"nipponnerie"
"néo-nippon"	"néo-nipponnerie"
"niçois"	"niçoiserie"
"nomade"	"nomaderie"
"normand"	"normanderie"
"nouille"	"nouillerie"
"novice"	"novicerie"
"nul"	"nulerie"
"néfaste"	"néfasterie"
"néophyte"	"néophyterie"
"névrosé"	"névroserie"
"obstiné"	"obstinerie"
"obtus"	"obtuserie"
"occulte"	"occulterie"
"ordurier"	"ordurerie"
"outrecuidant"	"outrecuidanterie"
"paillard"	"paillarderie"
"pantois"	"pantoiserie"
"pantouflard"	"pantouflarderie"
"paradoxal"	"paradoxalerie"
"paranoïaque"	"paranoïaquerie"
"paresseux"	"paresserie"
"parisien"	"parisienerie"
"pataud"	"patauderie"
"patraque"	"patraquerie"
"perfide"	"perfiderie"
"persan"	"persanerie"
"pervers"	"perverserie"
"pessimiste"	"pessimisterie"
"petit"	"petiterie"
"physionomiste"	"physionomisterie"
"pionnier"	"pionnerie"
"piquant"	"piquanterie"
"pittoresque"	"pittoresquerie"
"piéton"	"piétonnerie"
"pleurnichard"	"pleurnicharderie"
"politicien"	"politiciennerie"
"polygame"	"polygamerie"
"pompette"	"pompetterie"
"électro-pop"	"électro-poperie"
"porcin"	"porcinerie"
"portugais"	"portugaiserie"
"pouacre"	"pouacrerie"
"poujadiste"	"poujadisterie"
"prochinois"	"prochinoiserie"
"procédurier"	"procédurerie"
"profond"	"profonderie"
"puant"	"puanterie"
"puceau"	"pucellerie"
"punk"	"punkerie"
"puriste"	"puristerie"
"puritain"	"puritanerie"
"putanier"	"putanerie"
"puéril"	"puérilerie"
"pâlichon"	"pâlichonnerie"
"pédantesque"	"pédantesquerie"
"pédophile"	"pédophilerie"
"pékinois"	"pékinoiserie"
"pékin"	"pékinerie"
"péripatéticien"	"péripatéticiennerie"
"pétochard"	"pétocharderie"
"quinaud"	"quinauderie"
"quotidien"	"quotidiennerie"
"québécois"	"québécoiserie"
"raciste"	"racisterie"
"rancunier"	"rancunerie"
"rapace"	"rapacerie"
"rapiat"	"rapiaterie"
"rauque"	"rauquerie"
"redondant"	"redondanterie"
"renfrogné"	"renfrognerie"
"revêche"	"revêcherie"
"ridicule"	"ridiculerie"
"rigolard"	"rigolarderie"
"rigolo"	"rigolotterie"
"ringard"	"ringarderie"
"rital"	"ritalerie"
"robuste"	"robusterie"
"rocambolesque"	"rocambolesquerie"
"rosâtre"	"rosâtrerie"
"rouquin"	"rouquinerie"
"rubicond"	"rubiconderie"
"rude"	"ruderie"
"rupestre"	"rupestrerie"
"rusé"	"ruserie"
"réaliste"	"réalisterie"
"saccadé"	"saccaderie"
"safre"	"safrerie"
"sagace"	"sagacerie"
"salace"	"salacerie"
"salaud"	"salauderie"
"salingue"	"salinguerie"
"sanglante"	"sanglanterie"
"sans-gêne"	"sans-gênerie"
"sapiens"	"sapienserie"
"sataniste"	"satanisterie"
"schnock"	"schnockerie"
"sans-scrupule"	"sans-scrupulerie"
"scélérat"	"scélératerie"
"sentimental"	"sentimentalerie"
"sexiste"	"sexisterie"
"sicilien"	"siciliennerie"
"simiesque"	"simiesquerie"
"simpliste"	"simplisterie"
"sinistre"	"sinistrerie"
"snob"	"snoberie"
"snobinard"	"snobinarderie"
"social"	"socialerie"
"sombre"	"sombrerie"
"sordide"	"sordiderie"
"sot"	"sotterie"
"stupide"	"stupiderie"
"sublime"	"sublimerie"
"succint"	"succincterie"
"suisse"	"suisserie"
"superbe"	"superberie"
"surfait"	"surfaiterie"
"surprenant"	"surprenanterie"
"surréaliste"	"surréalisterie"
"suédois"	"suédoiserie"
"svelte"	"svelterie"
"syndical"	"syndicalerie"
"séduisant"	"séduisanterie"
"sénégalais"	"sénégalaiserie"
"sévère"	"sévèrerie"
"taciturne"	"taciturnerie"
"tannant"	"tannanterie"
"tartignolle"	"tartignollerie"
"tchèque"	"tchèquerie"
"teigneux"	"teignerie"
"teuton"	"teutonnerie"
"tibétain"	"tibétainerie"
"timbré"	"timbrerie"
"timide"	"timiderie"
"tiédasse"	"tiédasserie"
"tocard"	"tocarderie"
"trilingue"	"trilinguerie"
"boute-en-train"	"bout-en-trinerie"
"tristounet"	"tristounetterie"
"trivial"	"trivialerie"
"tsigane"	"tsiganerie"
"tuant"	"tuanterie"
"tunisien"	"tunisiennerie"
"post-moderne"	"post-modernerie"
"togolais"	"togolaiserie"
"touchant"	"touchanterie"
"toulousain"	"toulousainerie"
"tribal"	"tribalerie"
"tzigane"	"tziganerie"
"ubuesque"	"ubuesquerie"
"utopiste"	"utopisterie"
"vachard"	"vacharderie"
"vague"	"vaguerie"
"vain"	"vainerie"
"verdasse"	"verdasserie"
"verdâtre"	"verdâtrerie"
"vicelard"	"vicelarderie"
"victime"	"victimerie"
"vietnamien"	"vietnamiennerie"
"vil"	"vilerie"
"vilain"	"vilainerie"
"violent"	"violenterie"
"vioc"	"vioquerie"
"viril"	"virilerie"
"volage"	"volagerie"
"vorace"	"voracerie"
"vosgien"	"vosgiennerie"
"véhément"	"véhémenterie"
"vénal"	"vénalerie"
"waterproof"	"waterprooferie"
"zen"	"zenerie"
"zinzin"	"zinzinerie"
"zoophile"	"zoophilerie"
"zozo"	"zozotterie"
"écoeurant"	"écoeuranterie"
"écossais"	"écossaiserie"
"égyptien"	"égyptiennerie"
"élégant"	"éléganterie"
"énorme"	"énormerie"
"étrange"	"étrangerie"
"abbatial"	"abbatialité"
"abyssal"	"abyssalité"
"acausal"	"acausalité"
"actanciel"	"actancialité"
"additionnel"	"additionnalité"
"adversaire"	"adversarité"
"alluvial"	"alluvialité"
"amiral"	"amiralité"
"ancillaire"	"ancillarité"
"annulaire"	"annularité"
"anomal"	"anomalité"
"anticommercial"	"anticommercialité"
"anticonstitutionnel"	"anticonstitutionnalité"
"antimoral"	"antimoralité"
"antipodal"	"antipodalité"
"antisocial"	"antisocialité"
"arbitraire"	"arbitrarité"
"arbitral"	"arbitralité"
"architectural"	"architecturalité"
"archétypal"	"archétypalité"
"artisanal"	"artisanalité"
"aspectuel"	"aspectualité"
"astral"	"astralité"
"attentionnel"	"attentionnalité"
"auriculaire"	"auricularité"
"austral"	"australité"
"automnal"	"automnalité"
"autopolaire"	"autopolarité"
"autoritaire"	"autoritarité"
"autoréférentiel"	"autoréférentialité"
"auxiliaire"	"auxiliarité"
"aviaire"	"aviarité"
"axial"	"axialité"
"balnéaire"	"balnéarité"
"bancaire"	"bancarité"
"bancal"	"bancalité"
"bicaméral"	"bicaméralité"
"bicentenaire"	"bicentenarité"
"biculturel"	"biculturalité"
"bidimentionnel"	"bidimentionnalité"
"biennal"	"biennalité"
"bifocal"	"bifocalité"
"bilinéaire"	"bilinéarité"
"bilocal"	"bilocalité"
"bimensuel"	"bimensualité"
"bimestriel"	"bimestrialité"
"binoculaire"	"binocularité"
"bruit, brutal"	"bruitalité"
"calcaire"	"calcarité"
"capital"	"capitalité"
"capsulaire"	"capsularité"
"caractériel"	"caractérialité"
"carcéral"	"carcéralité"
"catégoriel"	"catégorialité"
"caudal"	"caudalité"
"cellulaire"	"cellularité"
"centenaire"	"centenarité"
"cervical"	"cervicalité"
"chirurgical"	"chirurgicalité"
"choral"	"choralité"
"circonstanciel"	"circonstancialité"
"circumpolaire"	"circumpolarité"
"clonal"	"clonalité"
"clérical"	"cléricalité"
"coaxial"	"coaxialité"
"colinéaire"	"colinéarité"
"colonial"	"colonialité"
"colossal"	"colossalité"
"comitial"	"comitialité"
"communautaire"	"communautarité"
"communial"	"communialité"
"componentiel"	"componentialité"
"comportemental"	"comportementalité"
"comtal"	"comtalité"
"conciliaire"	"conciliarité"
"concurrentiel"	"concurrentialité"
"conditionnel"	"conditionnalité"
"confessionnal"	"confessionnalité"
"conflictuel"	"conflictualité"
"confédéral"	"confédéralité"
"congénial"	"congénialité"
"conjecturel"	"conjecturalité"
"conjoncturel"	"conjoncturalité"
"consensuel"	"consensualité"
"consulaire"	"consularité"
"continuel"	"continualité"
"conversationnel"	"conversationnalité"
"convictionnel"	"convictionnalité"
"coronaire"	"coronarité"
"coronal"	"coronalité"
"corpusculaire"	"corpuscularité"
"coréférentiel"	"coréférentialité"
"cousinal"	"cousinalité"
"crucial"	"crucialité"
"cruel"	"crualité"
"crépusculaire"	"crépuscularité"
"culinaire"	"culinarité"
"curial"	"curialité"
"cédulaire"	"cédularité"
"cérémonial"	"cérémonialité"
"destinal"	"destinalité"
"diagonal"	"diagonalité"
"dialectal"	"dialectalité"
"diamétral"	"diamétralité"
"différentiel"	"différentialité"
"dipolaire"	"dipolarité"
"discal"	"discalité"
"disciplinaire"	"disciplinarité"
"discrétionnaire"	"discrétionnarité"
"disproportionnel"	"disproportionnalité"
"dissimilaire"	"dissimilarité"
"distal"	"distalité"
"distributionnel"	"distributionnalité"
"diurnal"	"diurnalité"
"doctrinal"	"doctrinalité"
"documentaire"	"documentarité"
"domiciliaire"	"domiciliarité"
"dorsal"	"dorsalité"
"dural"	"duralité"
"dyssocial"	"dyssocialité"
"débonnaire"	"débonnarité"
"déloyal"	"déloyalité"
"démentiel"	"démentialité"
"départemental"	"départementalité"
"déréel"	"déréalité"
"ecclésial"	"ecclésialité"
"environnemental"	"environnementalité"
"estival"	"estivalité"
"excédentaire"	"excédentarité"
"existentiel"	"existentialité"
"extracellulaire"	"extracellularité"
"extraconjugal"	"extraconjugalité"
"extracorporel"	"extracorporalité"
"extralégal"	"extralégalité"
"extraordinaire"	"extraordinarité"
"extrasensoriel"	"extrasensorialité"
"extratextuel"	"extratextualité"
"facial"	"facialité"
"factoriel"	"factorialité"
"familial"	"familialité"
"fictionnel"	"fictionnalité"
"fiduciaire"	"fiduciarité"
"figural"	"figuralité"
"floral"	"floralité"
"fluvial"	"fluvialité"
"fœtal"	"fœtalité"
"fondamental"	"fondamentalité"
"fractal"	"fractalité"
"fragmentaire"	"fragmentarité"
"fraternel"	"fraternalité"
"féal"	"féalité"
"fédéral"	"fédéralité"
"glacial"	"glacialité"
"globulaire"	"globularité"
"groupal"	"groupalité"
"guttural"	"gutturalité"
"géométral"	"géométralité"
"géostationnaire"	"géostationnarité"
"historial"	"historialité"
"hivernal"	"hivernalité"
"hominal"	"hominalité"
"héréditaire"	"héréditarité"
"imaginaire"	"imaginarité"
"immémorial"	"immémorialité"
"impulsionnel"	"impulsionnalité"
"impérial"	"impérialité"
"inamical"	"inamicalité"
"inaugural"	"inauguralité"
"incrémental"	"incrémentalité"
"indiciel"	"indicialité"
"industriel"	"industrialité"
"inertiel"	"inertialité"
"infernal"	"infernalité"
"informel"	"informalité"
"initial"	"initialité"
"instinctuel"	"instinctualité"
"institutionnel"	"institutionnalité"
"intercontinental"	"intercontinentalité"
"interindividuel"	"interindividualité"
"internel"	"internalité"
"interracial"	"interracialité"
"interscolaire"	"interscolarité"
"intersidéral"	"intersidéralité"
"interstitiel"	"interstitialité"
"intersyndical"	"intersyndicalité"
"journal"	"journalité"
"judiciaire"	"judiciarité"
"jumeau"	"jumalité"
"juridictionnel"	"juridictionnalité"
"labial"	"labialité"
"lacrymal"	"lacrymalité"
"lacunaire"	"lacunarité"
"laminaire"	"laminarité"
"lapidaire"	"lapidarité"
"lexical"	"lexicalité"
"libertaire"	"libertarité"
"libidinal"	"libidinalité"
"liminaire"	"liminarité"
"liminal"	"liminalité"
"lingual"	"lingualité"
"lobulaire"	"lobularité"
"loculaire"	"locularité"
"longitudinal"	"longitudinalité"
"loyal"	"loyalité"
"lunaire"	"lunarité"
"légendaire"	"légendarité"
"machinal"	"machinalité"
"magistral"	"magistralité"
"marital"	"maritalité"
"martial"	"martialité"
"maternel"	"maternalité"
"matinal"	"matinalité"
"matriarcal"	"matriarcalité"
"matrimonial"	"matrimonialité"
"maximal"	"maximalité"
"médial"	"médialité"
"médical"	"médicalité"
"médiéval"	"médiévalité"
"menstruel"	"menstrualité"
"militaire"	"militarité"
"millénaire"	"millénarité"
"millionnaire"	"millionnarité"
"minimal"	"minimalité"
"missionnaire"	"missionnarité"
"monacal"	"monacalité"
"monétaire"	"monétarité"
"monoculaire"	"monocularité"
"monoparental"	"monoparentalité"
"monopolaire"	"monopolarité"
"multicanal"	"multicanalité"
"multicellulaire"	"multicellularité"
"multiconfessionnel"	"multiconfessionnalité"
"multidimensionnel"	"multidimensionnalité"
"multidirectionnel"	"multidirectionnalité"
"multiracial"	"multiracialité"
"multiséculaire"	"multisécularité"
"musculaire"	"muscularité"
"mutationnel"	"mutationnalité"
"néonatal"	"néonatalité"
"nodal"	"nodalité"
"nodulaire"	"nodularité"
"nominal"	"nominalité"
"nucléaire"	"nucléarité"
"obsessionnel"	"obsessionnalité"
"octogonal"	"octogonalité"
"omnidirectionnel"	"omnidirectionnalité"
"oppositionnel"	"oppositionnalité"
"optionnel"	"optionnalité"
"orchestral"	"orchestralité"
"ornemental"	"ornementalité"
"paradoxal"	"paradoxalité"
"paranormal"	"paranormalité"
"paraxial"	"paraxialité"
"parental"	"parentalité"
"paroxysmal"	"paroxysmalité"
"passionnel"	"passionnalité"
"patriarcal"	"patriarcalité"
"pendulaire"	"pendularité"
"péninsulaire"	"péninsularité"
"pestilentiel"	"pestilentialité"
"pilaire"	"pilarité"
"planétaire"	"planétarité"
"plurilatéral"	"plurilatéralité"
"polygonal"	"polygonalité"
"polymodal"	"polymodalité"
"polynucléaire"	"polynucléarité"
"pondéral"	"pondéralité"
"portuaire"	"portuarité"
"préfrontal"	"préfrontalité"
"processuel"	"processualité"
"professionnel"	"professionnalité"
"pronominal"	"pronominalité"
"propriétaire"	"propriétarité"
"psychosocial"	"psychosocialité"
"pulsionnel"	"pulsionnalité"
"pyramidal"	"pyramidalité"
"quadridimensionnel"	"quadridimensionnalité"
"quadripolaire"	"quadripolarité"
"racial"	"racialité"
"radial"	"radialité"
"réactionnel"	"réactionnalité"
"récifal"	"récifalité"
"rectilinéaire"	"rectilinéarité"
"interrégional"	"interrégionalité"
"réglementaire"	"réglementarité"
"relationnel"	"relationnalité"
"résidentiel"	"résidentialité"
"rituel"	"ritualité"
"royal"	"royalité"
"sagittal"	"sagittalité"
"salutaire"	"salutarité"
"sanguinaire"	"sanguinarité"
"sanitaire"	"sanitarité"
"scalaire"	"scalarité"
"sculptural"	"sculpturalité"
"sectaire"	"sectarité"
"sectoriel"	"sectorialité"
"segmentaire"	"segmentarité"
"semestriel"	"semestrialité"
"sensationnel"	"sensationnalité"
"séquentiel"	"séquentialité"
"sidéral"	"sidéralité"
"sororal"	"sororalité"
"spiral"	"spiralité"
"stadial"	"stadialité"
"stellaire"	"stellarité"
"structurel"	"structuralité"
"sublétal"	"sublétalité"
"sublingual"	"sublingualité"
"subnormal"	"subnormalité"
"subventionnel"	"subventionnalité"
"suicidal"	"suicidalité"
"suicidaire"	"suicidarité"
"supernaturel"	"supernaturalité"
"supranaturel"	"supranaturalité"
"supranormal"	"supranormalité"
"suprasegmental"	"suprasegmentalité"
"surnuméraire"	"surnumérarité"
"syndical"	"syndicalité"
"tabulaire"	"tabularité"
"tentaculaire"	"tentacularité"
"terminal"	"terminalité"
"tétrapolaire"	"tétrapolarité"
"textuel"	"texualité"
"tombal"	"tombalité"
"torrentiel"	"torrentialité"
"totalitaire"	"totalitarité"
"traditionnel"	"traditionnalité"
"transactionnel"	"transactionnalité"
"transcontinental"	"transcontinentalité"
"transculturel"	"transculturalité"
"transitionnel"	"transitionnalité"
"transnational"	"transnationalité"
"tribal"	"tribalité"
"tricontinental"	"tricontinentalité"
"trilatéral"	"trilatéralité"
"tubulaire"	"tubularité"
"unicellulaire"	"unicellularité"
"unidimensionnel"	"unidimensionnalité"
"unidirectionnel"	"unidirectionnalité"
"unimodal"	"unimodalité"
"vaginal"	"vaginalité"
"vasculaire"	"vascularité"
"véhiculaire"	"véhicularité"
"vélaire"	"vélarité"
"ventral"	"ventralité"
"vésiculaire"	"vésicularité"
"vespéral"	"vespéralité"
"vestimentaire"	"vestimentarité"
"virginal"	"virginalité"
"viscéral"	"viscéralité"
"volontaire"	"volontarité"
"cybercriminel"	"cybercriminalité"
"aborigène"	"aborigénité"
"abrupt"	"abruptité"
"abstrus"	"abstrusité"
"abyssin"	"abyssinité"
"acidulé"	"acidulité"
"acéphale"	"acéphalité"
"acéré"	"acérité"
"ad hoc"	"ad hocité"
"adamantin"	"adamantinité"
"adelphe"	"adelphité"
"adulte"	"adultité"
"adultère"	"adultérité"
"adventice"	"adventicité"
"affairé"	"affairité"
"affamé"	"affamité"
"afghan"	"afghanité"
"afro-latin"	"afro-latinité"
"agricole"	"agricolité"
"albinos"	"albinosité"
"alexandrin"	"alexandrinité"
"algérois"	"algéroisité"
"alien"	"aliénité"
"alkalin"	"alkalinité"
"allemand"	"allemandité"
"allergène"	"allergénité"
"allochtone"	"allochtonité"
"allogène"	"allogénité"
"allègre"	"allégrité"
"alpin"	"alpinité"
"andin"	"andinité"
"androgyne"	"androgynité"
"androgène"	"androgénité"
"anglican"	"anglicanité"
"anglo-saxon"	"anglo-saxonité"
"anglophone"	"anglophonité"
"anodin"	"anodinité"
"anthropomorphe"	"anthropomorphité"
"antillais"	"antillaisité"
"antipode"	"antipodité"
"anxiogène"	"anxiogénité"
"anémié"	"anémité"
"apatride"	"apatridité"
"aphone"	"aphonité"
"arabophone"	"arabophonité"
"aristocrate"	"aristocratité"
"ariégeois"	"ariégeoisité"
"arriéré"	"arriérité"
"aryen"	"aryenité"
"ashkénaze"	"ashkénazité"
"asiatique"	"asiatité"
"asservi"	"asservité"
"assourdi"	"assourdité"
"assuré"	"assurité"
"asynchrone"	"asynchronité"
"athé"	"athéité"
"atlante"	"atlantité"
"atone"	"atonité"
"auburn"	"auburnité"
"autochtone"	"autochtonité"
"autocéphale"	"autocéphalité"
"autodidacte"	"autodidactité"
"autofertile"	"autofertilité"
"autonome"	"autonomité"
"avare"	"avarité"
"aveugle"	"aveuglité"
"aztèque"	"aztéquité"
"azuré"	"azurité"
"aériforme"	"aériformité"
"baba"	"babaité"
"balaize"	"balaisité"
"bambara"	"bambaraité"
"banlieusard"	"banlieusardité"
"bantou"	"bantouité"
"barbare"	"barbarité"
"baroque"	"baroquité"
"basque"	"basquité"
"bavard"	"bavardité"
"bavarois"	"bavaroisité"
"béat"	"beatité"
"belge"	"belgité"
"bengali"	"bengalité"
"beur"	"beurrité"
"bicolore"	"bicolorité"
"biconcave"	"biconcavité"
"biconvexe"	"biconvexité"
"bicorne"	"bicornité"
"bigame"	"bigamité"
"bilabial"	"bilabialité"
"bilingue"	"bilinguité"
"bipare"	"biparité"
"bipède"	"bipédité"
"birman"	"birmanité"
"biscornu"	"biscornuité"
"bissextil"	"bissextilité"
"bizarre"	"bizarrité"
"bizarroïde"	"bizarroïdité"
"blafard"	"blafardité"
"blanc"	"blanchité"
"blondasse"	"blondassité"
"blond"	"blondité"
"blondin"	"blondinité"
"bonasse"	"bonassité"
"borgne"	"borgnité"
"bourgeois"	"bourgeoisité"
"bourguignon"	"bourguignonité"
"bovin"	"bovinité"
"branché"	"branchité"
"branquignole"	"branquignolité"
"brave"	"bravité"
"british"	"britishité"
"brun"	"brunité"
"brusque"	"brusquité"
"brute"	"brutité"
"bulgare"	"bulgarité"
"byzantin"	"byzantinité"
"bâtard"	"bâtardité"
"bédouin"	"bédouinité"
"bénévole"	"bénévolité"
"bétonné"	"bétonnité"
"bêtasse"	"bêtassité"
"cagnard"	"cagnardité"
"callipyge"	"callipygité"
"camerounais"	"camerounaisité"
"cancérigène"	"cancérigénité"
"candide"	"candité"
"candide"	"candidité"
"canin"	"caninité"
"carmin"	"carminité"
"carnivore"	"carnivorité"
"carthaginois"	"carthaginoisité"
"casher"	"casherité"
"casse-gueule"	"casse-gueulité"
"castillan"	"castillanité"
"catastrophique"	"catastrophité"
"celte"	"celtité"
"centrifuge"	"centrifugité"
"chafouin"	"chafouinité"
"chagriné"	"chagrinité"
"chamarré"	"chamarrité"
"chaste"	"chastité"
"chauve"	"chauvité"
"chauvin"	"chauvinité"
"cheap"	"cheapité"
"chevalin"	"chevalinité"
"chinois"	"chinoisité"
"chleuh"	"chleuhité"
"cinglé"	"cinglité"
"cinéphile"	"cinéphilité"
"circonflexe"	"circonflexité"
"citrin"	"citrinité"
"clair"	"clairité"
"classe"	"classité"
"clean"	"cleanité"
"cocasse"	"cocassité"
"cocu"	"cocuité"
"coincé"	"coincité"
"coloré"	"colorité"
"compact"	"compactité"
"complet"	"completité"
"comtois"	"comtoisité"
"conard"	"conardité"
"concierge"	"conciergité"
"concis"	"concisité"
"condensé"	"condensité"
"congénère"	"congénérité"
"connard"	"connardité"
"con"	"connité"
"constitutif"	"constitutivité"
"contre-nature"	"contre-naturité"
"controversé"	"controversité"
"cool"	"coolité"
"coquin"	"coquinité"
"correct"	"correctité"
"cosmopolite"	"cosmopolitité"
"costaud"	"costaudité"
"court"	"courtité"
"craignosse"	"craignosité"
"crasse"	"crassité"
"creux"	"creusité"
"crevard"	"crevardité"
"criard"	"criardité"
"croate"	"croatité"
"cruciforme"	"cruciformité"
"crétin"	"crétinité"
"cucul"	"cuculité"
"cunéiforme"	"cunéiformité"
"curve"	"curvité"
"câlin"	"câlinité"
"céleste"	"célestité"
"bicéphale"	"bi-céphalité"
"cévenole"	"cévenolité"
"difficile"	"difficilité"
"diffus"	"diffusité"
"dingue"	"dinguité"
"diplômé"	"diplômité"
"divorcé"	"divorcité"
"dodu"	"doduité"
"domestique"	"domestiquité"
"doux"	"doucité"
"droit"	"droitité"
"drôle"	"drôlité"
"duplexe"	"duplexité"
"dédaigneux"	"dédaignité"
"dégueulasse"	"dégueulassité"
"démocrate"	"démocratité"
"démoniaque"	"démoniaquité"
"dépravé"	"dépravité"
"désaltéré"	"désaltérité"
"enclavé"	"enclavité"
"enfantin"	"enfantinité"
"ennemi"	"ennemité"
"espagnol"	"espagnolité"
"exacerbé"	"exacerbité"
"exact"	"exactité"
"exogène"	"exogénité"
"externe"	"externité"
"extraterrestre"	"extraterrestrité"
"fadasse"	"fadassité"
"fade"	"fadité"
"faiblard"	"faiblardité"
"fallacieux"	"fallacité"
"fanfreluche"	"fanfreluchité"
"fané"	"fanité"
"farfelu"	"farfeluité"
"farouche"	"farouchité"
"faste"	"fastité"
"fastoche"	"fastochité"
"fatigué"	"fatiguité"
"fauve"	"fauvité"
"feignasse"	"feignassité"
"femelle"	"femellité"
"filiforme"	"filiformité"
"filigrané"	"filigranité"
"fini"	"finité"
"finaud"	"finaudité"
"finlandais"	"finlandaisité"
"finnois"	"finnoisité"
"flamand"	"flamandité"
"flasque"	"flasquité"
"flemmard"	"flemmardité"
"florentin"	"florentinité"
"floribond"	"floribondité"
"flou"	"flouité"
"fluo"	"fluorité"
"fluviatile"	"fluviatilité"
"foufou"	"fofollité"
"fou"	"follité"
"fortiche"	"fortichité"
"fourbe"	"fourbité"
"francophone"	"francophonité"
"français"	"françaisité"
"fratricide"	"fratricidité"
"froid"	"froidité"
"fumivore"	"fumivorité"
"furaxe"	"furaxité"
"futur"	"futurité"
"fétiche"	"fétichité"
"gallois"	"galloisité"
"gamin"	"gaminité"
"avant-garde"	"avant-gardité"
"gascon"	"gasconité"
"gaulois"	"gauloisité"
"gay"	"gayité"
"germanopratin"	"germanopratinité"
"gitan"	"gitanité"
"glabre"	"glabrité"
"glauque"	"glauquité"
"gnan-gnan"	"gnan-gnanité"
"grandissime"	"grandissimité"
"granulé"	"granulité"
"gravissime"	"gravissimité"
"grec"	"grecquité"
"gris"	"grisité"
"grivois"	"grivoisité"
"grognon"	"grognonité"
"gros"	"grossité"
"hautain"	"hautainité"
"hellène"	"hellénité"
"hollandais"	"hollandaisité"
"homicide"	"homicidité"
"hommasse"	"hommassité"
"homonyme"	"homonymité"
"hongrois"	"hongroisité"
"humble"	"humblité"
"hyalin"	"hyalinité"
"hydrophile"	"hydrophilité"
"hypomaniaque"	"hypomaniaquité"
"hébété"	"hébétité"
"hétéro"	"hétéroité"
"hétéroclite"	"hétéroclitité"
"hétéronyme"	"hétéronymité"
"ibère"	"ibérité"
"idiot"	"idiotité"
"idoine"	"idoinité"
"ignare"	"ignarité"
"ignifugé"	"ignifugité"
"ignoble"	"ignoblité"
"imberbe"	"imberbité"
"imbu"	"imbuité"
"immonde"	"immondité"
"immédiat"	"immédiatité"
"impromptu"	"impromptuité"
"inculte"	"incultité"
"indigène"	"indigénité"
"indéterminé"	"indéterminité"
"infat"	"infatuité"
"infrasonore"	"infrasonorité"
"infâme"	"infâmité"
"inféodé"	"inféodité"
"ingrat"	"ingratité"
"inodore"	"inodorité"
"insapide"	"insapidité"
"insecticide"	"insecticidité"
"insolite"	"insolitité"
"intensif"	"intensivité"
"interdental"	"interdentalité"
"interne"	"internité"
"intrinsèque"	"intrinséquité"
"accordable"	"accordabilité"
"algérien"	"algérianité"
"alsacien"	"alsacialité"
"alsacien"	"alsaciannité"
"alsacien"	"alsaciennité"
"américain"	"américanité"
"anglais"	"anglicité"
"angulaire"	"angularité"
"appropriable"	"appropriabilité"
"argentin"	"argentinité"
"aryen"	"aryanité"
"assurable"	"assurabilité"
"berbère"	"berbérité"
"breton"	"bretonnité"
"calendaire"	"calendarité"
"capable"	"capabilité"
"cardinal"	"cardinalité"
"catalan"	"catalanité"
"celtique"	"celticité"
"chiite"	"chiité"
"citadin"	"citadinité"
"clôturable"	"clôturabilité"
"intercommunal"	"intercommunalité"
"connectif"	"connectivité"
"contextuel"	"contextualité"
"contractuel"	"contractualité"
"contributif"	"contributivité"
"corse"	"corsité"
"cubain"	"cubanité"
"culturel"	"culturalité"
"dicible"	"dicibilité"
"digital"	"digitalité"
"directionnel"	"directionnalité"
"divers"	"diversalité"
"divorcial"	"divorcialité"
"dominical"	"dominicalité"
"démonstratif"	"démonstrativité"
"dépressif"	"dépressivité"
"européen"	"européanéité"
"exceptionnel"	"exceptionnalité"
"exponentiel"	"exponentialité"
"extralucide"	"extralucidité"
"fictif"	"fictivité"
"figurable"	"figurabilité"
"focal"	"focalité"
"forain"	"forainité"
"fécal"	"fécalité"
"gouvernable"	"gouvernabilité"
"gouvernemental"	"gouvernementalité"
"grandiose"	"grandiosité"
"granuleux"	"granulosité"
"générique"	"généricité"
"hexagonal"	"hexagonalité"
"hindou"	"hindouité"
"hispanique"	"hispanicité"
"incomparable"	"incomparabilité"
"inconstructible"	"inconstructibilité"
"interculturel"	"interculturalité"
"intergouvernemental"	"intergouvernementalité"
"interministériel"	"interministérialité"
"interprofessionnel"	"interprofessionnalité"
"israélien"	"israélianité"
"israélite"	"israélité"
"japonais"	"japonicité"
"joignable"	"joignabilité"
"jouable"	"jouabilité"
"kurde"	"kurdité"
"lucratif"	"lucrativité"
"ludique"	"ludicité"
"mafieux"	"mafiosité"
"maintenable"	"maintenabilité"
"mesurable"	"mesurabilité"
"mexicain"	"mexicanité"
"misérable"	"misérabilité"
"modulaire"	"modularité"
"montable"	"montabilité"
"napolitain"	"napolitanité"
"nippon"	"nipponicité"
"nippon"	"nipponité"
"nominatif"	"nominativité"
"norvégien"	"norvégianité"
"optimal"	"optimalité"
"opérable"	"opérabilité"
"opérationnel"	"opérationnalité"
"pachtoun"	"pachtounité"
"palestinien"	"palestinité"
"pictural"	"picturalité"
"polonais"	"polonité"
"potable"	"potabilité"
"provençal"	"provençalité"
"proverbial"	"proverbialité"
"prédictible"	"prédictabilité"
"prédictible"	"prédictibilité"
"présidentiable"	"présidentiabilité"
"présidentiel"	"présidentialité"
"publiable"	"publiabilité"
"périphérique"	"périphéricité"
"questionnable"	"questionnabilité"
"réceptif"	"receptivité"
"roumain"	"roumanité"
"régional"	"régionalité"
"religieux"	"réligiosité"
"répétable"	"répétabilité"
"satisfaisable"	"satisfaisabilité"
"sicilien"	"sicilianité"
"slave"	"slavité"
"solitaire"	"solitarité"
"soutenable"	"soutenabilité"
"spectaculaire"	"spectacularité"
"suédois"	"suédité"
"sériel"	"sérialité"
"tactile"	"tactilité"
"tchèque"	"tchéquité"
"tractable"	"tractabilité"
"tropical"	"tropicalité"
"typique"	"typicité"
"égyptien"	"égyptianité"
"épistolaire"	"épistolarité"
"érodable"	"érodabilité"
"étrange"	"étrangéité"
"évolutif"	"évolutivité"
"événementiel"	"événementialité"
"irlandais"	"irlandaisité"
"isobare"	"isobarité"
"isohalin"	"isohalinité"
"isolé"	"isolité"
"ivoirien"	"ivoirité"
"jacobin"	"jacobinité"
"jaloux"	"jalousité"
"japonais"	"japonaisité"
"jaune"	"jaunité"
"jeune"	"jeunité"
"jouasse"	"jouassité"
"judéo-arabe"	"judéo-arabité"
"junior"	"juniorité"
"kabyle"	"kabylité"
"kamikaze"	"kamikazité"
"kazakh"	"kazakhité"
"khmer"	"khmerité"
"kirghize"	"kirghizité"
"kitsch"	"kitschité"
"lapon"	"laponité"
"latent"	"latentité"
"levantin"	"levantinité"
"libanais"	"libanaisité"
"liberticide"	"liberticidité"
"libertin"	"libertinité"
"sucreux"	"sucrosité"
"vénal"	"vénalité"
"barbare"	"barbarie"
"francophone"	"francophonie"
"mythomane"	"mythomanie"
"bigame"	"bigamie"
"limitrophe"	"limitrophité"
"limousin"	"limousinité"
"lipophile"	"lipophilité"
"locomobile"	"locomobilité"
"lombard"	"lombardité"
"longiforme"	"longiformité"
"lourdingue"	"lourdinguité"
"lugubre"	"lugubrité"
"lupin"	"lupinité"
"lutin"	"lutinité"
"lyonnais"	"lyonnaisité"
"maboule"	"maboulité"
"macabre"	"macabrité"
"maghrébin"	"maghrébinité"
"magyar"	"magyarité"
"maigre"	"maigrité"
"majuscule"	"majusculité"
"malabar"	"malabarité"
"maladroit"	"maladroitité"
"malcommode"	"malcommodité"
"malgache"	"malgachité"
"malingre"	"malingrité"
"malpoli"	"malpolité"
"mammifère"	"mammiférité"
"mandingue"	"mandinguité"
"maniaque"	"maniaquité"
"marin"	"marinité"
"marseillais"	"marseillaisité"
"mastoc"	"mastocité"
"maussade"	"maussadité"
"mauvais"	"mauvaisité"
"menu"	"menuité"
"mercantile"	"mercantilité"
"mesquin"	"mesquinité"
"meuble"	"meublité"
"microcristallin"	"microcristallinité"
"mignon"	"mignonité"
"miniature"	"miniaturité"
"minuscule"	"minusculité"
"misogyne"	"misogynité"
"moche"	"mochité"
"modéré"	"modérité"
"moldave"	"moldavité"
"mollasse"	"mollassité"
"mollasson"	"mollassonité"
"monochrome"	"monochromité"
"monocorde"	"monocordité"
"monocristallin"	"monocristallinité"
"monocéphale"	"monocéphalité"
"monogame"	"monogamité"
"monotone"	"monotonité"
"monstre"	"monstrité"
"moribond"	"moribondité"
"mormon"	"mormonité"
"morne"	"mornité"
"mosellan"	"mosellanité"
"mou"	"mouité"
"multibranche"	"multibranchité"
"multicolore"	"multicolorité"
"multiforme"	"multiformité"
"multilingue"	"multilinguité"
"musulman"	"musulmanité"
"mâle"	"mâlité"
"mégalomane"	"mégalomanité"
"nahuatl"	"nahuatlité"
"narquois"	"narquoisité"
"nauséabond"	"nauséabondité"
"naze"	"nazité"
"neutre"	"neutrité"
"neuf"	"neuvité"
"niais"	"niaisité"
"nickel"	"nickelité"
"nigérien"	"nigérianité"
"niçois"	"niçoisité"
"noctambule"	"noctambulité"
"nocturne"	"nocturnité"
"pied-noir"	"pied-noirité"
"nomade"	"nomadité"
"normand"	"normandité"
"nouille"	"nouillité"
"novice"	"novicité"
"nullipare"	"nulliparité"
"nègre"	"négrité"
"néfaste"	"néfastité"
"néo-latin"	"néo-latinité"
"néophyte"	"néophytité"
"névrosé"	"névrosité"
"obtus"	"obtusité"
"occitan"	"occitanité"
"octosyllabe"	"octosyllabité"
"opalin"	"opalinité"
"orange"	"orangité"
"orphelin"	"orphelinité"
"ottoman"	"ottomanité"
"ovale"	"ovalité"
"pantois"	"pantoisité"
"parallèle"	"parallélité"
"partisan"	"partisanité"
"pataud"	"pataudité"
"pathogène"	"pathogénité"
"patraque"	"patraquité"
"paysan"	"paysanité"
"peinard"	"peinardité"
"penaud"	"penaudité"
"perfide"	"perfidité"
"persan"	"persanité"
"peul"	"peulité"
"philippin"	"philippinité"
"philistin"	"philistinité"
"picard"	"picardité"
"plantigrade"	"plantigradité"
"plat"	"platité"
"platine"	"platinité"
"plouc"	"ploucité"
"polyacide"	"polyacidité"
"polygame"	"polygamité"
"polygone"	"polygonité"
"polymorphe"	"polymorphité"
"porcin"	"porcinité"
"portugais"	"portugaisité"
"posthume"	"posthumité"
"profane"	"profanité"
"profond"	"profondité"
"prompt"	"promptité"
"propice"	"propicité"
"précis"	"précisité"
"puceau"	"pucellité"
"punk"	"punkité"
"purpurin"	"purpurinité"
"pédestre"	"pédestrité"
"pépère"	"pépérité"
"québécois"	"québécoisité"
"rabougri"	"rabougrité"
"radin"	"radinité"
"rance"	"rancité"
"rebelle"	"rebellité"
"rectiligne"	"rectilignité"
"richissime"	"richissimité"
"ringard"	"ringardité"
"riquiqui"	"riquiquité"
"rond"	"rondité"
"rubicond"	"rubicondité"
"rude"	"rudité"
"russophile"	"russophilité"
"rustique"	"rustiquité"
"rétrograde"	"rétrogradité"
"sapiens"	"sapiensité"
"sarde"	"sardité"
"sarrasin"	"sarrasinité"
"sataniste"	"satanité"
"satiné"	"satinité"
"scandinave"	"scandinavité"
"serbe"	"serbité"
"siamois"	"siamoisité"
"sibyllin"	"sibyllinité"
"sikh"	"sikhité"
"simplex"	"simplexité"
"sinistre"	"sinistrité"
"slovaque"	"slovaquité"
"slovène"	"slovénité"
"snob"	"snobité"
"sombre"	"sombrité"
"souple"	"souplité"
"sournois"	"sournoisité"
"sous-marin"	"sous-marinité"
"spartiate"	"spartiatité"
"speed"	"speedité"
"splendide"	"splendidité"
"standard"	"standardité"
"strasbourgeois"	"strasbourgeoisité"
"strict"	"strictité"
"subfébrile"	"subfébrilité"
"subreptice"	"subrepticité"
"suisse"	"suissité"
"superbe"	"superbité"
"suédois"	"suédoisité"
"swahili"	"swahilité"
"synchrone"	"synchronité"
"synonyme"	"synonymité"
"séfarade"	"séfaradité"
"sépharade"	"sépharadité"
"sérénissime"	"sérénissimité"
"tamoul"	"tamoulité"
"tchécoslovaque"	"tchécoslovaquité"
"tchétchène"	"tchétchénité"
"tendre"	"tendrité"
"terrestre"	"terrestrité"
"texan"	"texanité"
"thermolabile"	"thermolabilité"
"thrace"	"thracité"
"timoré"	"timorité"
"tocard"	"tocardité"
"tordu"	"torduité"
"torpide"	"torpidité"
"torride"	"torridité"
"toscan"	"toscanité"
"traviole"	"traviolité"
"tricard"	"tricardité"
"tricolore"	"tricolorité"
"trilingue"	"trilinguité"
"trouillard"	"trouillardité"
"tsigane"	"tsiganité"
"turc"	"turcité"
"turkmène"	"turkménité"
"turpide"	"turpidité"
"turc"	"turquité"
"turquoise"	"turquoisité"
"tzigane"	"tziganité"
"ultime"	"ultimité"
"ultra-moderne"	"ultra-modernité"
"ultra-rapide"	"ultra-rapidité"
"underground"	"undergroundité"
"unicolore"	"unicolorité"
"valaque"	"valaquité"
"vandale"	"vandalité"
"verdâtre"	"verdâtrité"
"vertébré"	"vertébrité"
"victime"	"victimité"
"vierge"	"viergité"
"volage"	"volagité"
"wallon"	"wallonité"
"waterproof"	"waterproofité"
"wolof"	"wolofité"
"yougoslave"	"yougoslavité"
"zen"	"zenité"
"barbu"	"barbusité"
"biscornu"	"biscornusité"
"crépu"	"crépusité"
"dodu"	"dodusité"
"goulu"	"goulusité"
"poilu"	"poilusité"
"touffu"	"touffusité"
"têtu"	"têtusité"
"velu"	"velusité"
"ventru"	"ventrusité"
"molasse"	"molassité"
