"ID"	"V"	"FRWAC_VFREQ"	"VTerminaison"	"CandidatN"	"FRWAC_NFREQ"	"Source"	"CheckedBy"	"LastRevision"	"Validated"	"Commentaire"
"793"	"articler"	"9826"	"-er"	"article"	"62646"	"VN_AUTO:2013-07-02"	"AB"	"2013-07-23 18:34:52"	"TRUE"	
"8832"	"informer"	"7847"	"-er"	"information"	"60841"	"VN_AUTO:2013-07-02"	"AB"	"2013-07-23 18:34:52"	"TRUE"	
"12196"	"rechercher"	"9980"	"-er"	"recherche"	"57068"	"VN_AUTO:2013-07-02"	"AB"	"2013-07-23 18:34:52"	"TRUE"	
"7608"	"former"	"10666"	"-er"	"formation"	"52206"	"VN_AUTO:2013-07-02"	"AB"	"2013-07-23 18:34:52"	"TRUE"	
"5174"	"développer"	"21258"	"-er"	"développement"	"38638"	"VN_AUTO:2013-07-02"	"AB"	"2013-07-23 18:34:52"	"TRUE"	
"165"	"acter"	"1549"	"-er"	"action"	"37756"	"VN_AUTO:2013-07-02"	"AB"	"2013-07-23 18:34:52"	"TRUE"	
"10354"	"oeuvrer"	"1140"	"-er"	"oeuvre"	"34766"	"VN_AUTO:2013-07-02"	"AB"	"2013-07-23 18:34:52"	"TRUE"	
"11655"	"programmer"	"2749"	"-er"	"programme"	"33166"	"VN_AUTO:2013-07-02"	"AB"	"2013-07-23 18:34:52"	"TRUE"	
"7573"	"fonctionner"	"6879"	"-er"	"fonction"	"32710"	"VN_AUTO:2013-07-02"	"AB"	"2013-07-23 18:34:52"	"TRUE"	
"3141"	"conditionner"	"1075"	"-er"	"condition"	"32173"	"VN_AUTO:2013-07-02"	"AB"	"2013-07-24 13:04:34"	"TRUE"	
"838"	"associer"	"12699"	"-er"	"association"	"31981"	"VN_AUTO:2013-07-02"	"AB"	"2013-07-23 18:34:52"	"TRUE"	
"9326"	"ligner"	"5309"	"-er"	"ligne"	"31631"	"VN_AUTO:2013-07-02"	"AB"	"2013-07-23 18:34:52"	"TRUE"	
"2438"	"centrer"	"2676"	"-er"	"centre"	"30720"	"VN_AUTO:2013-07-02"	"AB"	"2013-07-23 18:34:52"	"TRUE"	
"9760"	"mesurer"	"5583"	"-er"	"mesure"	"26832"	"VN_AUTO:2013-07-02"	"AB"	"2013-07-23 18:34:52"	"TRUE"	
"1271"	"baser"	"5871"	"-er"	"base"	"25950"	"VN_AUTO:2013-07-02"	"AB"	"2013-07-23 18:34:52"	"TRUE"	
"7002"	"équiper"	"5222"	"-er"	"équipe"	"25552"	"VN_AUTO:2013-07-02"	"AB"	"2013-07-23 18:34:52"	"TRUE"	
"3000024"	"équiper"	"5222"	"-er"	"équipage"	"25552"	"VN_AUTO:2013-07-02"	"AB"	"2013-07-24 16:13:21"	"TRUE"	
"3543"	"créer"	"31764"	"-er"	"création"	"24735"	"VN_AUTO:2013-07-02"	"AB"	"2013-07-23 18:34:52"	"TRUE"	
"10414"	"organiser"	"23324"	"-er"	"organisation"	"24125"	"VN_AUTO:2013-07-02"	"AB"	"2013-07-23 18:34:52"	"TRUE"	
"6046"	"enseigner"	"3715"	"-er"	"enseignement"	"23906"	"VN_AUTO:2013-07-02"	"AB"	"2013-07-23 18:34:52"	"TRUE"	
"13624"	"situer"	"16300"	"-er"	"situation"	"23412"	"VN_AUTO:2013-07-02"	"AB"	"2013-07-23 19:43:37"	"TRUE"	
"3761"	"demander"	"30384"	"-er"	"demande"	"22074"	"VN_AUTO:2013-07-02"	"AB"	"2013-07-23 18:34:52"	"TRUE"	
"2538"	"charger"	"14985"	"-er"	"charge"	"21146"	"VN_AUTO:2013-07-02"	"AB"	"2013-07-23 18:34:52"	"TRUE"	
"3000011"	"charger"	"14985"	"-er"	"chargement"	"21146"	"VN_AUTO:2013-07-02"	"AB"	"2013-07-24 12:58:12"	"TRUE"	
"2809"	"classer"	"7497"	"-er"	"classe"	"19384"	"VN_AUTO:2013-07-02"	"AB"	"2013-07-23 18:34:52"	"TRUE"	
"14877"	"utiliser"	"42204"	"-er"	"utilisation"	"18476"	"VN_AUTO:2013-07-02"	"AB"	"2013-07-23 18:34:52"	"TRUE"	
"13089"	"risquer"	"8698"	"-er"	"risque"	"17714"	"VN_AUTO:2013-07-02"	"AB"	"2013-07-23 18:34:52"	"TRUE"	
"8154"	"gouverner"	"987"	"-er"	"gouvernement"	"16861"	"VN_AUTO:2013-07-02"	"AB"	"2013-07-23 18:34:52"	"TRUE"	
"14571"	"traiter"	"9411"	"-er"	"traitement"	"16397"	"VN_AUTO:2013-07-02"	"AB"	"2013-07-23 18:34:52"	"TRUE"	
"7170"	"évoluer"	"5908"	"-er"	"évolution"	"16279"	"VN_AUTO:2013-07-02"	"AB"	"2013-07-23 18:34:52"	"TRUE"	
"3303"	"contrôler"	"5149"	"-er"	"contrôle"	"16226"	"VN_AUTO:2013-07-02"	"AB"	"2013-07-23 18:34:52"	"TRUE"	
"2404"	"causer"	"2175"	"-er"	"cause"	"15608"	"VN_AUTO:2013-07-02"	"AB"	"2013-07-23 18:34:52"	"TRUE"	
"10387"	"opérer"	"3163"	"-er"	"opération"	"15238"	"VN_AUTO:2013-07-02"	"AB"	"2013-07-23 18:34:52"	"TRUE"	
"11579"	"présenter"	"35940"	"-er"	"présentation"	"15126"	"VN_AUTO:2013-07-02"	"AB"	"2013-07-23 18:34:52"	"TRUE"	
"11686"	"proposer"	"48767"	"-er"	"proposition"	"14472"	"VN_AUTO:2013-07-02"	"AB"	"2013-07-23 18:51:05"	"TRUE"	
"11475"	"presser"	"2251"	"-er"	"presse"	"14364"	"VN_AUTO:2013-07-02"	"AB"	"2013-07-23 18:34:52"	"TRUE"	
"12486"	"rencontrer"	"12109"	"-er"	"rencontre"	"14216"	"VN_AUTO:2013-07-02"	"AB"	"2013-07-23 18:34:52"	"TRUE"	
"13832"	"structurer"	"1862"	"-er"	"structure"	"13930"	"VN_AUTO:2013-07-02"	"AB"	"2013-07-23 18:34:52"	"TRUE"	
"194"	"administrer"	"995"	"-er"	"administration"	"13100"	"VN_AUTO:2013-07-02"	"AB"	"2013-07-23 18:34:52"	"TRUE"	
"558"	"analyser"	"11729"	"-er"	"analyse"	"12898"	"VN_AUTO:2013-07-02"	"AB"	"2013-07-23 18:34:52"	"TRUE"	
"6715"	"éditer"	"3665"	"-er"	"édition"	"12861"	"VN_AUTO:2013-07-02"	"AB"	"2013-07-23 18:34:52"	"TRUE"	
"12764"	"réaliser"	"30909"	"-er"	"réalisation"	"12701"	"VN_AUTO:2013-07-02"	"AB"	"2013-07-23 18:34:52"	"TRUE"	
"14857"	"unir"	"2214"	"-er"	"union"	"12646"	"VN_AUTO:2013-07-02"	"AB"	"2013-07-23 18:34:52"	"TRUE"	
"12851"	"référencer"	"1689"	"-er"	"référence"	"12370"	"VN_AUTO:2013-07-02"	"AB"	"2013-07-23 18:34:52"	"TRUE"	
"8882"	"installer"	"11349"	"-er"	"installation"	"12286"	"VN_AUTO:2013-07-02"	"AB"	"2013-07-23 18:34:52"	"TRUE"	
"8943"	"intervenir"	"8921"	"-er"	"intervention"	"12221"	"VN_AUTO:2013-07-02"	"AB"	"2013-07-23 18:34:52"	"TRUE"	
"7133"	"évaluer"	"5495"	"-er"	"évaluation"	"11885"	"VN_AUTO:2013-07-02"	"AB"	"2013-07-23 18:34:52"	"TRUE"	
"6538"	"échanger"	"3400"	"-er"	"échange"	"11742"	"VN_AUTO:2013-07-02"	"AB"	"2013-07-23 18:34:52"	"TRUE"	
"15184"	"voyager"	"2016"	"-er"	"voyage"	"11633"	"VN_AUTO:2013-07-02"	"AB"	"2013-07-23 18:34:52"	"TRUE"	
"4504"	"démarcher"	"1008"	"-er"	"démarche"	"11401"	"VN_AUTO:2013-07-02"	"AB"	"2013-07-23 18:34:52"	"TRUE"	
"11407"	"positionner"	"1721"	"-er"	"position"	"11294"	"VN_AUTO:2013-07-02"	"AB"	"2013-07-23 18:34:52"	"TRUE"	
"7574"	"fonctionner"	"6879"	"-er"	"fonctionnement"	"11240"	"VN_AUTO:2013-07-02"	"AB"	"2013-07-23 18:34:52"	"TRUE"	
"13006"	"réunir"	"9023"	"-er"	"réunion"	"10734"	"VN_AUTO:2013-07-02"	"AB"	"2013-07-23 18:34:52"	"TRUE"	
"3308"	"convenir"	"2567"	"-er"	"convention"	"10613"	"VN_AUTO:2013-07-02"	"AB"	"2013-07-23 18:34:52"	"TRUE"	
"10698"	"passer"	"2247"	"-er"	"passage"	"10578"	"VN_AUTO:2013-07-02"	"AB"	"2013-07-24 16:37:21"	"TRUE"	
"7585"	"forcer"	"1792"	"-er"	"force"	"10463"	"VN_AUTO:2013-07-02"	"AB"	"2013-07-23 18:34:52"	"TRUE"	
"7003"	"équiper"	"5222"	"-er"	"équipement"	"9944"	"VN_AUTO:2013-07-02"	"AB"	"2013-07-23 18:34:52"	"TRUE"	
"6386"	"exploiter"	"3889"	"-er"	"exploitation"	"9663"	"VN_AUTO:2013-07-02"	"AB"	"2013-07-23 18:34:52"	"TRUE"	
"4055"	"déclarer"	"8730"	"-er"	"déclaration"	"9470"	"VN_AUTO:2013-07-02"	"AB"	"2013-07-23 18:34:52"	"TRUE"	
"10687"	"participer"	"17136"	"-er"	"participation"	"9413"	"VN_AUTO:2013-07-02"	"AB"	"2013-07-23 18:34:52"	"TRUE"	
"2661"	"chiffrer"	"1529"	"-er"	"chiffre"	"8985"	"VN_AUTO:2013-07-02"	"AB"	"2013-07-23 18:34:52"	"TRUE"	
"11567"	"préparer"	"11259"	"-er"	"préparation"	"8965"	"VN_AUTO:2013-07-02"	"AB"	"2013-07-23 18:34:52"	"TRUE"	
"8889"	"instituer"	"2002"	"-er"	"institution"	"8839"	"VN_AUTO:2013-07-02"	"AB"	"2013-07-23 18:34:52"	"TRUE"	
"7425"	"financer"	"5363"	"-er"	"financement"	"8821"	"VN_AUTO:2013-07-02"	"AB"	"2013-07-23 18:34:52"	"TRUE"	
"11415"	"poster"	"18143"	"-er"	"poste"	"8761"	"VN_AUTO:2013-07-02"	"AB"	"2013-07-23 18:34:52"	"TRUE"	
"9644"	"marquer"	"8745"	"-er"	"marque"	"8615"	"VN_AUTO:2013-07-02"	"AB"	"2013-07-23 18:34:52"	"TRUE"	
"14091"	"tailler"	"915"	"-er"	"taille"	"8598"	"VN_AUTO:2013-07-02"	"AB"	"2013-07-23 18:34:52"	"TRUE"	
"697"	"approcher"	"3313"	"-er"	"approche"	"8489"	"VN_AUTO:2013-07-02"	"AB"	"2013-07-23 18:34:52"	"TRUE"	
"587"	"animer"	"6801"	"-er"	"animation"	"8435"	"VN_AUTO:2013-07-02"	"AB"	"2013-07-23 18:34:52"	"TRUE"	
"3222"	"consommer"	"2862"	"-er"	"consommation"	"8244"	"VN_AUTO:2013-07-02"	"AB"	"2013-07-23 18:34:52"	"TRUE"	
"9454"	"lutter"	"3641"	"-er"	"lutte"	"8174"	"VN_AUTO:2013-07-02"	"AB"	"2013-07-23 18:34:52"	"TRUE"	
"3020"	"commander"	"6659"	"-er"	"commande"	"7984"	"VN_AUTO:2013-07-02"	"AB"	"2013-07-23 18:34:52"	"TRUE"	
"10420"	"orienter"	"4338"	"-er"	"orientation"	"7965"	"VN_AUTO:2013-07-02"	"AB"	"2013-07-23 18:34:52"	"TRUE"	
"10397"	"opter"	"1827"	"-er"	"option"	"7948"	"VN_AUTO:2013-07-02"	"AB"	"2013-07-23 18:34:52"	"TRUE"	
"597"	"annoncer"	"12976"	"-er"	"annonce"	"7892"	"VN_AUTO:2013-07-02"	"AB"	"2013-07-23 18:34:52"	"TRUE"	
"3000005"	"annoncer"	"12976"	"-er"	"annonciation"	"7892"	"VN_AUTO:2013-07-02"	"AB"	"2013-07-24 12:39:31"	"TRUE"	
"10273"	"noter"	"14129"	"-er"	"notation"	"7760"	"VN_AUTO:2013-07-02"	"AB"	"2013-07-23 19:52:39"	"TRUE"	
"5252"	"diffuser"	"6494"	"-er"	"diffusion"	"7759"	"VN_AUTO:2013-07-02"	"AB"	"2013-07-23 18:34:52"	"TRUE"	
"15025"	"véhiculer"	"1226"	"-er"	"véhicule"	"7621"	"VN_AUTO:2013-07-02"	"AB"	"2013-07-23 18:34:52"	"TRUE"	
"2965"	"collecter"	"1918"	"-er"	"collection"	"7434"	"VN_AUTO:2013-07-02"	"AB"	"2013-07-23 18:34:52"	"TRUE"	
"9550"	"manifester"	"3781"	"-er"	"manifestation"	"7401"	"VN_AUTO:2013-07-02"	"AB"	"2013-07-23 18:34:52"	"TRUE"	
"11600"	"prévenir"	"3847"	"-er"	"prévention"	"7311"	"VN_AUTO:2013-07-02"	"AB"	"2013-07-23 18:34:52"	"TRUE"	
"13534"	"sélectionner"	"6057"	"-er"	"sélection"	"7304"	"VN_AUTO:2013-07-02"	"AB"	"2013-07-23 18:34:52"	"TRUE"	
"12598"	"représenter"	"18556"	"-er"	"représentation"	"7285"	"VN_AUTO:2013-07-02"	"AB"	"2013-07-23 18:34:52"	"TRUE"	
"9521"	"maîtriser"	"4653"	"-er"	"maîtrise"	"7266"	"VN_AUTO:2013-07-02"	"AB"	"2013-07-23 18:34:52"	"TRUE"	
"10831"	"penser"	"29106"	"-er"	"pensée"	"6979"	"VN_AUTO:2013-07-02"	"AB"	"2013-07-23 18:34:52"	"TRUE"	
"12521"	"renseigner"	"2624"	"-er"	"renseignement"	"6947"	"VN_AUTO:2013-07-02"	"AB"	"2013-07-23 18:34:52"	"TRUE"	
"8947"	"intégrer"	"11142"	"-er"	"intégration"	"6929"	"VN_AUTO:2013-07-02"	"AB"	"2013-07-23 18:34:52"	"TRUE"	
"3080"	"comporter"	"7289"	"-er"	"comportement"	"6894"	"VN_AUTO:2013-07-02"	"AB"	"2013-07-23 18:34:52"	"TRUE"	
"5336"	"distribuer"	"3502"	"-er"	"distribution"	"6843"	"VN_AUTO:2013-07-02"	"AB"	"2013-07-23 18:34:52"	"TRUE"	
"3235"	"constituer"	"21880"	"-er"	"constitution"	"6842"	"VN_AUTO:2013-07-02"	"AB"	"2013-07-23 18:34:52"	"TRUE"	
"1004"	"autoriser"	"7877"	"-er"	"autorisation"	"6786"	"VN_AUTO:2013-07-02"	"AB"	"2013-07-23 18:34:52"	"TRUE"	
"5283"	"diplômer"	"1999"	"-er"	"diplôme"	"6771"	"VN_AUTO:2013-07-02"	"AB"	"2013-07-23 18:34:52"	"TRUE"	
"8856"	"innover"	"1343"	"-er"	"innovation"	"6768"	"VN_AUTO:2013-07-02"	"AB"	"2013-07-23 18:34:52"	"TRUE"	
"13584"	"signer"	"9193"	"-er"	"signe"	"6632"	"VN_AUTO:2013-07-02"	"AB"	"2013-07-23 18:34:52"	"TRUE"	
"9610"	"marcher"	"4073"	"-er"	"marche"	"6602"	"VN_AUTO:2013-07-02"	"AB"	"2013-07-23 18:34:52"	"TRUE"	
"4663"	"dépenser"	"1681"	"-er"	"dépense"	"6371"	"VN_AUTO:2013-07-02"	"AB"	"2013-07-23 18:34:52"	"TRUE"	
"914"	"augmenter"	"9077"	"-er"	"augmentation"	"6243"	"VN_AUTO:2013-07-02"	"AB"	"2013-07-23 18:34:52"	"TRUE"	
"521"	"améliorer"	"9490"	"-er"	"amélioration"	"6212"	"VN_AUTO:2013-07-02"	"AB"	"2013-07-23 18:34:52"	"TRUE"	
"3298"	"contribuer"	"8126"	"-er"	"contribution"	"6107"	"VN_AUTO:2013-07-02"	"AB"	"2013-07-23 18:34:52"	"TRUE"	
"2960"	"collaborer"	"1133"	"-er"	"collaboration"	"6095"	"VN_AUTO:2013-07-02"	"AB"	"2013-07-23 18:34:52"	"TRUE"	
"7995"	"générer"	"3696"	"-er"	"génération"	"6068"	"VN_AUTO:2013-07-02"	"AB"	"2013-07-23 18:34:52"	"TRUE"	
"12263"	"recruter"	"3336"	"-er"	"recrutement"	"5981"	"VN_AUTO:2013-07-02"	"AB"	"2013-07-23 18:34:52"	"TRUE"	
"4694"	"déplacer"	"4029"	"-er"	"déplacement"	"5839"	"VN_AUTO:2013-07-02"	"AB"	"2013-07-23 18:34:52"	"TRUE"	
"12973"	"réserver"	"9367"	"-er"	"réserve"	"5818"	"VN_AUTO:2013-07-02"	"AB"	"2013-07-23 18:34:52"	"TRUE"	
"10322"	"observer"	"6926"	"-er"	"observation"	"5735"	"VN_AUTO:2013-07-02"	"AB"	"2013-07-23 18:34:52"	"TRUE"	
"1025"	"avancer"	"6521"	"-er"	"avance"	"5298"	"VN_AUTO:2013-07-02"	"AB"	"2013-07-23 18:34:52"	"TRUE"	
"10199"	"négocier"	"2293"	"-er"	"négociation"	"5232"	"VN_AUTO:2013-07-02"	"AB"	"2013-07-23 18:34:52"	"TRUE"	
"753"	"armer"	"1065"	"-er"	"arme"	"5228"	"VN_AUTO:2013-07-02"	"AB"	"2013-07-23 18:34:52"	"TRUE"	
"13031"	"rêver"	"3448"	"-er"	"rêve"	"5117"	"VN_AUTO:2013-07-02"	"AB"	"2013-07-23 18:34:52"	"TRUE"	
"429"	"alimenter"	"2481"	"-er"	"alimentation"	"4951"	"VN_AUTO:2013-07-02"	"AB"	"2013-07-23 18:34:52"	"TRUE"	
"10668"	"parler"	"28504"	"-er"	"parlement"	"4897"	"VN_AUTO:2013-07-02"	"AB"	"2013-07-23 18:34:52"	"TRUE"	
"9396"	"localiser"	"1113"	"-er"	"localisation"	"4896"	"VN_AUTO:2013-07-02"	"AB"	"2013-07-23 18:34:52"	"TRUE"	
"14605"	"transformer"	"6485"	"-er"	"transformation"	"4833"	"VN_AUTO:2013-07-02"	"AB"	"2013-07-23 18:34:52"	"TRUE"	
"6766"	"élaborer"	"5265"	"-er"	"élaboration"	"4798"	"VN_AUTO:2013-07-02"	"AB"	"2013-07-23 18:34:52"	"TRUE"	
"7612"	"formuler"	"2542"	"-er"	"formule"	"4757"	"VN_AUTO:2013-07-02"	"AB"	"2013-07-23 18:34:52"	"TRUE"	
"1126"	"baisser"	"3162"	"-er"	"baisse"	"4660"	"VN_AUTO:2013-07-02"	"AB"	"2013-07-23 18:34:52"	"TRUE"	
"9619"	"marier"	"2781"	"-er"	"mariage"	"4634"	"VN_AUTO:2013-07-02"	"AB"	"2013-07-23 18:34:52"	"TRUE"	
"8827"	"influencer"	"1393"	"-er"	"influence"	"4603"	"VN_AUTO:2013-07-02"	"AB"	"2013-07-23 18:34:52"	"TRUE"	
"6998"	"équilibrer"	"1789"	"-er"	"équilibre"	"4564"	"VN_AUTO:2013-07-02"	"AB"	"2013-07-23 18:34:52"	"TRUE"	
"12884"	"réglementer"	"1150"	"-er"	"réglementation"	"4547"	"VN_AUTO:2013-07-02"	"AB"	"2013-07-23 18:34:52"	"TRUE"	
"2761"	"circuler"	"1903"	"-er"	"circulation"	"4471"	"VN_AUTO:2013-07-02"	"AB"	"2013-07-23 18:34:52"	"TRUE"	
"6346"	"exécuter"	"2755"	"-er"	"exécution"	"4463"	"VN_AUTO:2013-07-02"	"AB"	"2013-07-23 18:34:52"	"TRUE"	
"9102"	"juger"	"6518"	"-er"	"juge"	"4366"	"VN_AUTO:2013-07-02"	"AB"	"2013-07-23 18:34:52"	"TRUE"	
"3000030"	"juger"	"6518"	"-er"	"jugement"	"4366"	"VN_AUTO:2013-07-02"	"AB"	"2013-07-24 16:23:41"	"TRUE"	
"9740"	"mentionner"	"5574"	"-er"	"mention"	"4319"	"VN_AUTO:2013-07-02"	"AB"	"2013-07-23 18:34:52"	"TRUE"	
"10713"	"passionner"	"2749"	"-er"	"passion"	"4315"	"VN_AUTO:2013-07-02"	"AB"	"2013-07-23 18:34:52"	"TRUE"	
"12655"	"restaurer"	"1649"	"-er"	"restauration"	"4306"	"VN_AUTO:2013-07-02"	"AB"	"2013-07-23 18:34:52"	"TRUE"	
"9564"	"manquer"	"8004"	"-er"	"manque"	"4283"	"VN_AUTO:2013-07-02"	"AB"	"2013-07-23 18:34:52"	"TRUE"	
"6167"	"envier"	"3815"	"-er"	"envie"	"4277"	"VN_AUTO:2013-07-02"	"AB"	"2013-07-23 18:34:52"	"TRUE"	
"183"	"adapter"	"13862"	"-er"	"adaptation"	"4202"	"VN_AUTO:2013-07-02"	"AB"	"2013-07-23 18:34:52"	"TRUE"	
"2812"	"classer"	"7497"	"-er"	"classement"	"4186"	"VN_AUTO:2013-07-02"	"AB"	"2013-07-23 18:34:52"	"TRUE"	
"7576"	"fonder"	"4420"	"-er"	"fondation"	"4179"	"VN_AUTO:2013-07-02"	"AB"	"2013-07-23 18:34:52"	"TRUE"	
"14334"	"témoigner"	"3594"	"-er"	"témoignage"	"4147"	"VN_AUTO:2013-07-02"	"AB"	"2013-07-23 18:34:52"	"TRUE"	
"3811"	"destiner"	"10973"	"-er"	"destination"	"4137"	"VN_AUTO:2013-07-02"	"AB"	"2013-07-23 18:34:52"	"TRUE"	
"12529"	"rentrer"	"5236"	"-er"	"rentrée"	"4122"	"VN_AUTO:2013-07-02"	"AB"	"2013-07-23 18:34:52"	"TRUE"	
"11505"	"préciser"	"10315"	"-er"	"précision"	"3989"	"VN_AUTO:2013-07-02"	"AB"	"2013-07-24 11:48:42"	"TRUE"	
"6665"	"écouter"	"5755"	"-er"	"écoute"	"3958"	"VN_AUTO:2013-07-02"	"AB"	"2013-07-23 18:34:52"	"TRUE"	
"14951"	"veiller"	"3952"	"-er"	"veille"	"3955"	"VN_AUTO:2013-07-02"	"AB"	"2013-07-23 18:34:52"	"TRUE"	
"3403"	"coucher"	"1939"	"-er"	"couche"	"3916"	"VN_AUTO:2013-07-02"	"AB"	"2013-07-23 18:34:52"	"TRUE"	
"7388"	"figurer"	"8080"	"-er"	"figure"	"3908"	"VN_AUTO:2013-07-02"	"AB"	"2013-07-23 18:34:52"	"TRUE"	
"11339"	"polluer"	"935"	"-er"	"pollution"	"3898"	"VN_AUTO:2013-07-02"	"AB"	"2013-07-23 18:34:52"	"TRUE"	
"3337"	"copier"	"2070"	"-er"	"copie"	"3843"	"VN_AUTO:2013-07-02"	"AB"	"2013-07-23 18:34:52"	"TRUE"	
"1793"	"brancher"	"1250"	"-er"	"branche"	"3799"	"VN_AUTO:2013-07-02"	"AB"	"2013-07-23 18:34:52"	"TRUE"	
"5380"	"donner"	"58607"	"-er"	"don"	"3774"	"VN_AUTO:2013-07-02"	"AB"	"2013-07-23 18:34:52"	"TRUE"	
"15234"	"donner"	"58607"	"-er"	"donation"	"3774"	"manuel"	"AB"	"2013-07-23 18:43:38"	"TRUE"	
"14900"	"valider"	"4473"	"-er"	"validation"	"3753"	"VN_AUTO:2013-07-02"	"AB"	"2013-07-23 18:34:52"	"TRUE"	
"11657"	"programmer"	"2749"	"-er"	"programmation"	"3719"	"VN_AUTO:2013-07-02"	"AB"	"2013-07-23 18:34:52"	"TRUE"	
"10703"	"passer"	"49913"	"-er"	"passe"	"3713"	"VN_AUTO:2013-07-02"	"AB"	"2013-07-23 18:34:52"	"TRUE"	
"3749"	"danser"	"1536"	"-er"	"danse"	"3623"	"VN_AUTO:2013-07-02"	"AB"	"2013-07-23 18:34:52"	"TRUE"	
"8937"	"interpréter"	"2470"	"-er"	"interprétation"	"3513"	"VN_AUTO:2013-07-02"	"AB"	"2013-07-23 18:34:52"	"TRUE"	
"868"	"attaquer"	"3805"	"-er"	"attaque"	"3497"	"VN_AUTO:2013-07-02"	"AB"	"2013-07-23 18:34:52"	"TRUE"	
"9179"	"lancer"	"14392"	"-er"	"lancement"	"3463"	"VN_AUTO:2013-07-02"	"AB"	"2013-07-23 18:34:52"	"TRUE"	
"14545"	"tracer"	"1545"	"-er"	"trace"	"3455"	"VN_AUTO:2013-07-02"	"AB"	"2013-07-23 18:34:52"	"TRUE"	
"902"	"attribuer"	"4770"	"-er"	"attribution"	"3424"	"VN_AUTO:2013-07-02"	"AB"	"2013-07-23 18:34:52"	"TRUE"	
"9994"	"monter"	"7984"	"-er"	"montage"	"3350"	"VN_AUTO:2013-07-02"	"AB"	"2013-07-23 18:34:52"	"TRUE"	
"5343"	"diviser"	"2730"	"-er"	"division"	"3302"	"VN_AUTO:2013-07-02"	"AB"	"2013-07-23 18:34:52"	"TRUE"	
"12402"	"remarquer"	"4636"	"-er"	"remarque"	"3296"	"VN_AUTO:2013-07-02"	"AB"	"2013-07-23 18:34:52"	"TRUE"	
"13872"	"sucrer"	"916"	"-er"	"sucre"	"3296"	"VN_AUTO:2013-07-02"	"AB"	"2013-07-23 18:34:52"	"TRUE"	
"252"	"afficher"	"8183"	"-er"	"affichage"	"3277"	"VN_AUTO:2013-07-02"	"AB"	"2013-07-23 18:34:52"	"TRUE"	
"10031"	"motiver"	"3002"	"-er"	"motivation"	"3194"	"VN_AUTO:2013-07-02"	"AB"	"2013-07-23 18:34:52"	"TRUE"	
"12213"	"recommander"	"4715"	"-er"	"recommandation"	"3145"	"VN_AUTO:2013-07-02"	"AB"	"2013-07-23 18:34:52"	"TRUE"	
"11659"	"progresser"	"3146"	"-er"	"progression"	"3143"	"VN_AUTO:2013-07-02"	"AB"	"2013-07-23 18:34:52"	"TRUE"	
"3000039"	"progresser"	"3146"	"-er"	"progrès"	"3143"	"VN_AUTO:2013-07-02"	"AB"	"2013-07-24 16:45:45"	"TRUE"	
"3206"	"conserver"	"8088"	"-er"	"conservation"	"3018"	"VN_AUTO:2013-07-02"	"AB"	"2013-07-23 18:34:52"	"TRUE"	
"9789"	"mélanger"	"2636"	"-er"	"mélange"	"3005"	"VN_AUTO:2013-07-02"	"AB"	"2013-07-23 18:34:52"	"TRUE"	
"9793"	"ménager"	"2191"	"-er"	"ménage"	"2972"	"VN_AUTO:2013-07-02"	"AB"	"2013-07-23 18:34:52"	"TRUE"	
"3000033"	"ménager"	"2191"	"-er"	"ménagement"	"2972"	"VN_AUTO:2013-07-02"	"AB"	"2013-07-24 16:30:23"	"TRUE"	
"9306"	"libérer"	"2949"	"-er"	"libération"	"2963"	"VN_AUTO:2013-07-02"	"AB"	"2013-07-23 18:34:52"	"TRUE"	
"13813"	"stocker"	"1856"	"-er"	"stockage"	"2953"	"VN_AUTO:2013-07-02"	"AB"	"2013-07-23 18:34:52"	"TRUE"	
"9922"	"mobiliser"	"4187"	"-er"	"mobilisation"	"2933"	"VN_AUTO:2013-07-02"	"AB"	"2013-07-23 18:34:52"	"TRUE"	
"11078"	"piloter"	"2249"	"-er"	"pilotage"	"2899"	"VN_AUTO:2013-07-02"	"AB"	"2013-07-23 18:34:52"	"TRUE"	
"26"	"abonner"	"1975"	"-er"	"abonnement"	"2884"	"VN_AUTO:2013-07-02"	"AB"	"2013-07-23 18:34:52"	"TRUE"	
"12971"	"réserver"	"9367"	"-er"	"réservation"	"2882"	"VN_AUTO:2013-07-02"	"AB"	"2013-07-23 18:34:52"	"TRUE"	
"11304"	"pointer"	"1550"	"-er"	"pointe"	"2878"	"VN_AUTO:2013-07-02"	"AB"	"2013-07-23 18:34:52"	"TRUE"	
"14903"	"valoriser"	"2781"	"-er"	"valorisation"	"2866"	"VN_AUTO:2013-07-02"	"AB"	"2013-07-23 18:34:52"	"TRUE"	
"3114"	"concentrer"	"3191"	"-er"	"concentration"	"2790"	"VN_AUTO:2013-07-02"	"AB"	"2013-07-23 18:34:52"	"TRUE"	
"6377"	"expérimenter"	"1332"	"-er"	"expérimentation"	"2746"	"VN_AUTO:2013-07-02"	"AB"	"2013-07-23 18:34:52"	"TRUE"	
"12421"	"rembourser"	"1861"	"-er"	"remboursement"	"2746"	"VN_AUTO:2013-07-02"	"AB"	"2013-07-23 18:34:52"	"TRUE"	
"8726"	"implanter"	"2580"	"-er"	"implantation"	"2732"	"VN_AUTO:2013-07-02"	"AB"	"2013-07-23 18:34:52"	"TRUE"	
"201"	"adopter"	"8690"	"-er"	"adoption"	"2726"	"VN_AUTO:2013-07-02"	"AB"	"2013-07-23 18:34:52"	"TRUE"	
"8708"	"immigrer"	"1032"	"-er"	"immigration"	"2720"	"VN_AUTO:2013-07-02"	"AB"	"2013-07-23 18:34:52"	"TRUE"	
"8421"	"habiter"	"3989"	"-er"	"habitation"	"2689"	"VN_AUTO:2013-07-02"	"AB"	"2013-07-23 18:34:52"	"TRUE"	
"2778"	"citer"	"5336"	"-er"	"citation"	"2676"	"VN_AUTO:2013-07-02"	"AB"	"2013-07-23 18:34:52"	"TRUE"	
"12765"	"réaliser"	"30909"	"-er"	"réalisateur"	"2674"	"VN_AUTO:2013-07-02"	"AB"	"2013-07-23 18:55:15"	"TRUE"	
"8696"	"illustrer"	"4135"	"-er"	"illustration"	"2625"	"VN_AUTO:2013-07-02"	"AB"	"2013-07-23 18:34:52"	"TRUE"	
"2966"	"collecter"	"1918"	"-er"	"collecte"	"2624"	"VN_AUTO:2013-07-02"	"AB"	"2013-07-23 18:34:52"	"TRUE"	
"5749"	"encadrer"	"2406"	"-er"	"encadrement"	"2624"	"VN_AUTO:2013-07-02"	"AB"	"2013-07-23 18:34:52"	"TRUE"	
"10685"	"partager"	"11814"	"-er"	"partage"	"2561"	"VN_AUTO:2013-07-02"	"AB"	"2013-07-23 18:34:52"	"TRUE"	
"13019"	"réviser"	"1058"	"-er"	"révision"	"2561"	"VN_AUTO:2013-07-02"	"AB"	"2013-07-23 18:34:52"	"TRUE"	
"13329"	"sanctionner"	"1323"	"-er"	"sanction"	"2520"	"VN_AUTO:2013-07-02"	"AB"	"2013-07-23 18:34:52"	"TRUE"	
"12936"	"rénover"	"1405"	"-er"	"rénovation"	"2507"	"VN_AUTO:2013-07-02"	"AB"	"2013-07-23 18:34:52"	"TRUE"	
"7186"	"facturer"	"1018"	"-er"	"facture"	"2480"	"VN_AUTO:2013-07-02"	"AB"	"2013-07-23 18:34:52"	"TRUE"	
"12579"	"reporter"	"2247"	"-er"	"report"	"2469"	"VN_AUTO:2013-07-02"	"AB"	"2013-07-24 16:53:30"	"TRUE"	
"12947"	"réparer"	"1010"	"-er"	"réparation"	"2450"	"VN_AUTO:2013-07-02"	"AB"	"2013-07-23 18:34:52"	"TRUE"	
"10338"	"occuper"	"9263"	"-er"	"occupation"	"2419"	"VN_AUTO:2013-07-02"	"AB"	"2013-07-23 18:34:52"	"TRUE"	
"15011"	"verser"	"5519"	"-er"	"versement"	"2412"	"VN_AUTO:2013-07-02"	"AB"	"2013-07-23 18:34:52"	"TRUE"	
"6788"	"élever"	"9709"	"-er"	"élevage"	"2400"	"VN_AUTO:2013-07-02"	"AB"	"2013-07-23 18:34:52"	"TRUE"	
"9728"	"menacer"	"3518"	"-er"	"menace"	"2399"	"VN_AUTO:2013-07-02"	"AB"	"2013-07-23 18:34:52"	"TRUE"	
"6"	"abandonner"	"3912"	"-er"	"abandon"	"0"	"manuel"	"AB"	"2013-07-23 18:32:42"	"TRUE"	
"7"	"abandonner"	"3912"	"-er"	"abandonné"	"0"	"VN_AUTO:2013-07-02"	"AB"	"2013-07-23 18:32:42"	"TRUE"	
"8"	"abandonner"	"3912"	"-er"	"abandonnement"	"0"	"VN_AUTO:2013-07-02"	"AB"	"2013-07-23 18:32:42"	"TRUE"	
"9"	"abandonner"	"3912"	"-er"	"abandonneur"	"0"	"VN_AUTO:2013-07-02"	"AB"	"2013-07-23 18:32:42"	"TRUE"	
"10"	"abandonner"	"3912"	"-er"	"abandonnateur"	"0"	"VN_AUTO:2013-07-02"	"AB"	"2013-07-23 18:32:42"	"TRUE"	
"25"	"abonner"	"1975"	"-er"	"abonné"	"0"	"VN_AUTO:2013-07-02"	"AB"	"2013-07-23 18:32:42"	"TRUE"	
"30"	"aborder"	"5912"	"-er"	"abordage"	"0"	"VN_AUTO:2013-07-02"	"AB"	"2013-07-23 18:32:42"	"TRUE"	
"39"	"aboutir"	"3566"	"-er"	"aboutissement"	"0"	"VN_AUTO:2013-07-02"	"AB"	"2013-07-25 15:55:17"	"TRUE"	
"54"	"absorber"	"1160"	"-er"	"absorption"	"0"	"VN_AUTO:2013-07-02"	"AB"	"2013-07-25 15:54:58"	"TRUE"	
"66"	"accentuer"	"1065"	"-er"	"accentuation"	"0"	"VN_AUTO:2013-07-02"	"AB"	"2013-07-23 18:32:42"	"TRUE"	
"67"	"accepter"	"10742"	"-er"	"acception"	"0"	"VN_AUTO:2013-07-02"	"AB"	"2013-07-23 18:32:42"	"TRUE"	
"68"	"accepter"	"10742"	"-er"	"acceptation"	"0"	"VN_AUTO:2013-07-02"	"AB"	"2013-07-24 11:46:10"	"TRUE"	
"70"	"accélérer"	"1965"	"-er"	"accélérateur"	"0"	"VN_AUTO:2013-07-02"	"AB"	"2013-07-24 11:46:32"	"TRUE"	
"71"	"accélérer"	"1965"	"-er"	"accélération"	"0"	"VN_AUTO:2013-07-02"	"AB"	"2013-07-24 11:46:46"	"TRUE"	
"89"	"accompagner"	"12909"	"-er"	"accompagnateur"	"0"	"VN_AUTO:2013-07-02"	"AB"	"2013-07-23 19:57:59"	"TRUE"	
"90"	"accompagner"	"12909"	"-er"	"accompagnement"	"0"	"VN_AUTO:2013-07-02"	"AB"	"2013-07-23 19:58:12"	"TRUE"	
"92"	"accomplir"	"3242"	"-ir"	"accomplissement"	"0"	"VN_AUTO:2013-07-02"		"2013-07-25 15:55:32"	"TRUE"	
"93"	"accorder"	"7031"	"-er"	"accord"	"0"	"VN_AUTO:2013-07-02"	"AB"	"2013-07-25 15:55:52"	"TRUE"	
"95"	"accorder"	"7031"	"-er"	"accordage"	"0"	"VN_AUTO:2013-07-02"	"AB"	"2013-07-25 15:56:11"	"TRUE"	
"97"	"accorder"	"7031"	"-er"	"accordement"	"0"	"VN_AUTO:2013-07-02"	"AB"	"2013-07-23 18:32:42"	"TRUE"	
"99"	"accorder"	"7031"	"-er"	"accordage"	"0"	"VN_AUTO:2013-07-02"	"AB"	"2013-07-23 18:32:42"	"TRUE"	
"122"	"accrocher"	"1479"	"-er"	"accroche"	"0"	"VN_AUTO:2013-07-02"	"AB"	"2013-07-23 18:32:42"	"TRUE"	
"124"	"accrocher"	"1479"	"-er"	"accrochement"	"0"	"VN_AUTO:2013-07-02"	"AB"	"2013-07-23 18:32:42"	"TRUE"	
"125"	"accrocher"	"1479"	"-er"	"accrochage"	"0"	"VN_AUTO:2013-07-02"	"AB"	"2013-07-23 18:32:42"	"TRUE"	
"129"	"accumuler"	"1207"	"-er"	"accumulation"	"0"	"VN_AUTO:2013-07-02"	"AB"	"2013-07-23 18:32:42"	"TRUE"	
"132"	"accuser"	"2067"	"-er"	"accusation"	"0"	"VN_AUTO:2013-07-02"	"AB"	"2013-07-23 18:32:42"	"TRUE"	
"148"	"acheter"	"9301"	"-er"	"achat"	"0"	"VN_AUTO:2013-07-02"	"AB"	"2013-07-24 12:02:51"	"TRUE"	
"152"	"achever"	"2320"	"-er"	"achevage"	"0"	"VN_AUTO:2013-07-02"	"AB"	"2013-07-23 18:32:42"	"TRUE"	
"3000001"	"achever"	"2320"	"-er"	"achèvement"	"0"	"VN_AUTO:2013-07-02"	"AB"	"2013-07-24 12:26:08"	"TRUE"	
"166"	"acter"	"1549"	"-er"	"acte"	"0"	"VN_AUTO:2013-07-02"	"AB"	"2013-07-23 18:32:42"	"TRUE"	
"173"	"activer"	"2819"	"-er"	"activation"	"0"	"VN_AUTO:2013-07-02"	"AB"	"2013-07-23 18:32:42"	"TRUE"	
"176"	"actualiser"	"1351"	"-er"	"actualisation"	"0"	"VN_AUTO:2013-07-02"	"AB"	"2013-07-23 18:32:42"	"TRUE"	
"184"	"adapter"	"13862"	"-er"	"adaptateur"	"0"	"VN_AUTO:2013-07-02"	"AB"	"2013-07-23 19:54:08"	"TRUE"	
"3000002"	"adapter"	"13862"	"-er"	"adaptation"	"0"	"VN_AUTO:2013-07-02"	"AB"	"2013-07-24 12:27:22"	"TRUE"	
"197"	"admirer"	"1492"	"-er"	"admiration"	"0"	"VN_AUTO:2013-07-02"	"AB"	"2013-07-23 18:32:42"	"TRUE"	
"204"	"adorer"	"4652"	"-er"	"adoration"	"0"	"VN_AUTO:2013-07-02"	"AB"	"2013-07-23 18:32:42"	"TRUE"	
"209"	"adresser"	"11521"	"-er"	"adressage"	"0"	"VN_AUTO:2013-07-02"	"AB"	"2013-07-23 18:32:42"	"TRUE"	
"210"	"adresser"	"11521"	"-er"	"adresse"	"0"	"VN_AUTO:2013-07-02"	"AB"	"2013-07-23 18:32:42"	"TRUE"	
"239"	"affecter"	"4362"	"-er"	"affection"	"0"	"VN_AUTO:2013-07-02"	"AB"	"2013-07-23 18:32:42"	"TRUE"	
"241"	"affecter"	"4362"	"-er"	"affectation"	"0"	"VN_AUTO:2013-07-02"	"AB"	"2013-07-23 18:32:42"	"TRUE"	
"249"	"afficher"	"8183"	"-er"	"affichage"	"0"	"VN_AUTO:2013-07-02"	"AB"	"2013-07-25 15:57:31"	"TRUE"	
"250"	"afficher"	"8183"	"-er"	"affiche"	"0"	"VN_AUTO:2013-07-02"	"AB"	"2013-07-23 18:32:42"	"TRUE"	
"261"	"affilier"	"1011"	"-er"	"affiliation"	"0"	"VN_AUTO:2013-07-02"	"AB"	"2013-07-23 18:32:42"	"TRUE"	
"268"	"affirmer"	"6582"	"-er"	"affirmation"	"0"	"VN_AUTO:2013-07-02"	"AB"	"2013-07-23 18:32:42"	"TRUE"	
"297"	"affronter"	"2184"	"-er"	"affrontement"	"0"	"VN_AUTO:2013-07-02"	"AB"	"2013-07-23 18:32:42"	"TRUE"	
"318"	"aggraver"	"992"	"-er"	"aggravement"	"0"	"VN_AUTO:2013-07-02"	"AB"	"2013-07-23 18:32:42"	"TRUE"	
"320"	"aggraver"	"992"	"-er"	"aggravation"	"0"	"VN_AUTO:2013-07-02"	"AB"	"2013-07-23 18:32:42"	"TRUE"	
"324"	"agiter"	"1075"	"-er"	"agitation"	"0"	"VN_AUTO:2013-07-02"	"AB"	"2013-07-23 18:32:42"	"TRUE"	
"342"	"agréer"	"2498"	"-er"	"agréation"	"0"	"VN_AUTO:2013-07-02"	"AB"	"2013-07-23 18:32:42"	"TRUE"	
"343"	"agréer"	"2498"	"-er"	"agréage"	"0"	"VN_AUTO:2013-07-02"	"AB"	"2013-07-23 18:32:42"	"TRUE"	
"352"	"aider"	"16072"	"-er"	"aide"	"0"	"VN_AUTO:2013-07-02"	"AB"	"2013-07-23 18:32:42"	"TRUE"	
"373"	"aimer"	"25022"	"-er"	"aimé"	"0"	"VN_AUTO:2013-07-02"	"AB"	"2013-07-23 19:01:51"	"TRUE"	
"375"	"aimer"	"25022"	"-er"	"amour"	"0"	"VN_AUTO:2013-07-02"	"AB"	"2013-07-24 12:31:27"	"TRUE"	
"385"	"ajouter"	"22889"	"-er"	"ajout"	"0"	"VN_AUTO:2013-07-02"	"AB"	"2013-07-23 19:27:22"	"TRUE"	
"389"	"ajuster"	"903"	"-er"	"ajustement"	"0"	"VN_AUTO:2013-07-02"	"AB"	"2013-07-23 18:32:42"	"TRUE"	
"390"	"ajuster"	"903"	"-er"	"ajustage"	"0"	"VN_AUTO:2013-07-02"	"AB"	"2013-07-23 18:32:42"	"TRUE"	
"411"	"alerter"	"1667"	"-er"	"alerte"	"0"	"VN_AUTO:2013-07-02"	"AB"	"2013-07-23 18:32:42"	"TRUE"	
"426"	"aligner"	"1030"	"-er"	"alignement"	"0"	"VN_AUTO:2013-07-02"	"AB"	"2013-07-23 18:32:42"	"TRUE"	
"448"	"allier"	"1735"	"-er"	"alliage"	"0"	"VN_AUTO:2013-07-02"	"AB"	"2013-07-24 12:34:46"	"TRUE"	
"3000004"	"allier"	"1735"	"-er"	"alliance"	"0"	"VN_AUTO:2013-07-02"	"AB"	"2013-07-24 12:36:26"	"TRUE"	
"453"	"allonger"	"978"	"-er"	"allonge"	"0"	"VN_AUTO:2013-07-02"	"AB"	"2013-07-23 18:32:42"	"TRUE"	
"3000003"	"allonger"	"978"	"-er"	"allongement"	"0"	"VN_AUTO:2013-07-02"	"AB"	"2013-07-24 12:33:21"	"TRUE"	
"461"	"allumer"	"1256"	"-er"	"allumage"	"0"	"VN_AUTO:2013-07-02"	"AB"	"2013-07-23 18:32:42"	"TRUE"	
"515"	"amener"	"5818"	"-er"	"amenée"	"0"	"VN_AUTO:2013-07-02"	"AB"	"2013-07-23 18:32:42"	"TRUE"	
"516"	"amener"	"5818"	"-er"	"amenage"	"0"	"VN_AUTO:2013-07-02"	"AB"	"2013-07-23 18:32:42"	"TRUE"	
"552"	"amuser"	"2168"	"-er"	"amusement"	"0"	"VN_AUTO:2013-07-02"	"AB"	"2013-07-23 18:32:42"	"TRUE"	
"559"	"analyser"	"11729"	"-er"	"analyseur"	"0"	"VN_AUTO:2013-07-02"	"AB"	"2013-07-23 20:01:21"	"TRUE"	
"596"	"annoncer"	"12976"	"-er"	"annonceur"	"0"	"VN_AUTO:2013-07-02"	"AB"	"2013-07-23 19:57:17"	"TRUE"	
"605"	"annuler"	"2050"	"-er"	"annulation"	"0"	"VN_AUTO:2013-07-02"	"AB"	"2013-07-23 18:32:42"	"TRUE"	
"615"	"anticiper"	"2112"	"-er"	"anticipation"	"0"	"VN_AUTO:2013-07-02"	"AB"	"2013-07-23 18:32:42"	"TRUE"	
"665"	"appeler"	"19372"	"-er"	"appel"	"0"	"VN_AUTO:2013-07-02"	"AB"	"2013-07-23 19:37:04"	"TRUE"	
"666"	"appeler"	"19372"	"-er"	"appellation"	"0"	"VN_AUTO:2013-07-02"	"AB"	"2013-07-23 19:37:18"	"TRUE"	
"671"	"appliquer"	"10872"	"-er"	"application"	"0"	"VN_AUTO:2013-07-02"	"AB"	"2013-07-24 11:42:44"	"TRUE"	
"672"	"appliquer"	"10872"	"-er"	"applique"	"0"	"VN_AUTO:2013-07-02"	"AB"	"2013-07-23 18:32:42"	"TRUE"	
"685"	"apporter"	"16368"	"-er"	"apportage"	"0"	"VN_AUTO:2013-07-02"	"AB"	"2013-07-23 19:43:20"	"TRUE"	"vieilli"
"688"	"apprécier"	"6401"	"-er"	"appréciation"	"0"	"VN_AUTO:2013-07-02"	"AB"	"2013-07-23 18:32:42"	"TRUE"	
"698"	"approprier"	"1890"	"-er"	"appropriation"	"0"	"VN_AUTO:2013-07-02"	"AB"	"2013-07-23 18:32:42"	"TRUE"	
"721"	"archiver"	"1316"	"-er"	"archivage"	"0"	"VN_AUTO:2013-07-02"	"AB"	"2013-07-23 18:32:42"	"TRUE"	
"747"	"armer"	"1065"	"-er"	"armement"	"0"	"VN_AUTO:2013-07-02"	"AB"	"2013-07-23 18:32:42"	"TRUE"	
"767"	"arracher"	"1257"	"-er"	"arrachement"	"0"	"VN_AUTO:2013-07-02"	"AB"	"2013-07-23 18:32:42"	"TRUE"	
"768"	"arracher"	"1257"	"-er"	"arrachage"	"0"	"VN_AUTO:2013-07-02"	"AB"	"2013-07-23 18:32:42"	"TRUE"	
"772"	"arrêter"	"10755"	"-er"	"arrêtoir"	"0"	"VN_AUTO:2013-07-02"	"AB"	"2013-07-24 11:45:04"	"TRUE"	
"773"	"arrêter"	"10755"	"-er"	"arrêté"	"0"	"VN_AUTO:2013-07-02"	"AB"	"2013-07-24 11:45:31"	"TRUE"	
"774"	"arrêter"	"10755"	"-er"	"arrêtage"	"0"	"VN_AUTO:2013-07-02"	"AB"	"2013-07-23 18:32:42"	"TRUE"	
"776"	"arrêter"	"10755"	"-er"	"arrêt"	"0"	"VN_AUTO:2013-07-02"	"AB"	"2013-07-24 11:43:49"	"TRUE"	
"782"	"arriver"	"21297"	"-er"	"arrivée"	"0"	"VN_AUTO:2013-07-02"	"AB"	"2013-07-23 19:34:15"	"TRUE"	
"784"	"arriver"	"21297"	"-er"	"arrivage"	"0"	"VN_AUTO:2013-07-02"	"AB"	"2013-07-23 18:32:42"	"TRUE"	
"795"	"articuler"	"1902"	"-er"	"articulation"	"0"	"VN_AUTO:2013-07-02"	"AB"	"2013-07-23 18:32:42"	"TRUE"	
"835"	"assimiler"	"1698"	"-er"	"assimilation"	"0"	"VN_AUTO:2013-07-02"	"AB"	"2013-07-23 18:32:42"	"TRUE"	
"840"	"associer"	"12699"	"-er"	"associé"	"0"	"VN_AUTO:2013-07-02"	"AB"	"2013-07-23 19:58:37"	"TRUE"	
"850"	"assumer"	"2648"	"-er"	"assomption"	"0"	"VN_AUTO:2013-07-02"	"AB"	"2013-07-24 12:43:38"	"TRUE"	
"851"	"assurer"	"25694"	"-er"	"assuré"	"0"	"VN_AUTO:2013-07-02"	"AB"	"2013-07-23 19:00:55"	"TRUE"	
"852"	"assurer"	"25694"	"-er"	"assureur"	"0"	"VN_AUTO:2013-07-02"	"AB"	"2013-07-23 19:01:05"	"TRUE"	
"853"	"assurer"	"25694"	"-er"	"assurement"	"0"	"VN_AUTO:2013-07-02"	"AB"	"2013-07-23 19:01:41"	"TRUE"	
"854"	"assurer"	"25694"	"-er"	"assurage"	"0"	"VN_AUTO:2013-07-02"	"AB"	"2013-07-23 18:32:42"	"TRUE"	
"865"	"attacher"	"4923"	"-er"	"attache"	"0"	"VN_AUTO:2013-07-02"	"AB"	"2013-07-23 18:32:42"	"TRUE"	
"3000006"	"attacher"	"4923"	"-er"	"attachement"	"0"	"VN_AUTO:2013-07-02"	"AB"	"2013-07-24 12:45:13"	"TRUE"	
"883"	"attester"	"1417"	"-er"	"attestation"	"0"	"VN_AUTO:2013-07-02"	"AB"	"2013-07-23 18:32:42"	"TRUE"	
"985"	"automatiser"	"1161"	"-er"	"automatisation"	"0"	"VN_AUTO:2013-07-02"	"AB"	"2013-07-23 18:32:42"	"TRUE"	
"1026"	"avancer"	"6521"	"-er"	"avancement"	"0"	"VN_AUTO:2013-07-02"	"AB"	"2013-07-23 18:32:42"	"TRUE"	
"1027"	"avancer"	"6521"	"-er"	"avancée"	"0"	"VN_AUTO:2013-07-02"	"AB"	"2013-07-23 18:32:42"	"TRUE"	
"1066"	"axer"	"1394"	"-er"	"axe"	"0"	"VN_AUTO:2013-07-02"	"AB"	"2013-07-23 18:32:42"	"TRUE"	
"1128"	"baisser"	"3162"	"-er"	"baissement"	"0"	"VN_AUTO:2013-07-02"	"AB"	"2013-07-23 18:32:42"	"TRUE"	
"1381"	"bénéficier"	"12948"	"-er"	"bénéfice"	"0"	"VN_AUTO:2013-07-02"	"AB"	"2013-07-23 19:57:48"	"TRUE"	
"1521"	"bloquer"	"2390"	"-er"	"bloc"	"0"	"VN_AUTO:2013-07-02"	"AB"	"2013-07-24 12:47:33"	"TRUE"	
"1523"	"bloquer"	"2390"	"-er"	"blocage"	"0"	"VN_AUTO:2013-07-02"	"AB"	"2013-07-24 12:48:06"	"TRUE"	
"1582"	"border"	"2760"	"-er"	"bordage"	"0"	"VN_AUTO:2013-07-02"	"AB"	"2013-07-23 18:32:42"	"TRUE"	
"1601"	"bosser"	"906"	"-er"	"boulot"	"0"	"VN_AUTO:2013-07-02"	"AB"	"2013-07-24 12:49:26"	"TRUE"	
"1791"	"brancher"	"1250"	"-er"	"branchage"	"0"	"VN_AUTO:2013-07-02"	"AB"	"2013-07-23 18:32:42"	"TRUE"	
"1794"	"brancher"	"1250"	"-er"	"branchement"	"0"	"VN_AUTO:2013-07-02"	"AB"	"2013-07-23 18:32:42"	"TRUE"	
"1891"	"briser"	"1738"	"-er"	"brisée"	"0"	"VN_AUTO:2013-07-02"	"AB"	"2013-07-23 18:32:42"	"TRUE"	
"1895"	"briser"	"1738"	"-er"	"brisement"	"0"	"VN_AUTO:2013-07-02"	"AB"	"2013-07-23 18:32:42"	"TRUE"	
"1896"	"briser"	"1738"	"-er"	"brisure"	"0"	"VN_AUTO:2013-07-02"	"AB"	"2013-07-23 18:32:42"	"TRUE"	
"1995"	"brûler"	"1899"	"-er"	"brûlement"	"0"	"VN_AUTO:2013-07-02"	"AB"	"2013-07-23 18:32:42"	"TRUE"	
"1996"	"brûler"	"1899"	"-er"	"brûlage"	"0"	"VN_AUTO:2013-07-02"	"AB"	"2013-07-23 18:32:42"	"TRUE"	
"3000007"	"brûler"	"1899"	"-er"	"brûlure"	"0"	"VN_AUTO:2013-07-02"	"AB"	"2013-07-24 12:51:00"	"TRUE"	
"2059"	"cacher"	"5494"	"-er"	"cache"	"0"	"VN_AUTO:2013-07-02"	"AB"	"2013-07-23 18:32:42"	"TRUE"	
"2251"	"capter"	"943"	"-er"	"captation"	"0"	"VN_AUTO:2013-07-02"	"AB"	"2013-07-23 18:32:42"	"TRUE"	
"2253"	"capter"	"943"	"-er"	"captage"	"0"	"VN_AUTO:2013-07-02"	"AB"	"2013-07-23 18:32:42"	"TRUE"	
"2273"	"caractériser"	"3481"	"-er"	"caractérisation"	"0"	"VN_AUTO:2013-07-02"	"AB"	"2013-07-23 18:32:42"	"TRUE"	
"2352"	"carter"	"964"	"-er"	"carte"	"0"	"VN_AUTO:2013-07-02"	"AB"	"2013-07-24 12:52:24"	"TRUE"	"néologisme: s'assurer de l'identité de qq1"
"2370"	"casser"	"2199"	"-er"	"casse"	"0"	"VN_AUTO:2013-07-02"	"AB"	"2013-07-23 18:32:42"	"TRUE"	
"2374"	"casser"	"2199"	"-er"	"cassement"	"0"	"VN_AUTO:2013-07-02"	"AB"	"2013-07-23 18:32:42"	"TRUE"	
"2375"	"casser"	"2199"	"-er"	"cassation"	"0"	"VN_AUTO:2013-07-02"	"AB"	"2013-07-23 18:32:42"	"TRUE"	
"2376"	"casser"	"2199"	"-er"	"cassage"	"0"	"VN_AUTO:2013-07-02"	"AB"	"2013-07-23 18:32:42"	"TRUE"	
"3000008"	"casser"	"2199"	"-er"	"cassure"	"0"	"VN_AUTO:2013-07-02"	"AB"	"2013-07-24 12:53:47"	"TRUE"	
"2403"	"causer"	"2175"	"-er"	"causation"	"0"	"VN_AUTO:2013-07-02"	"AB"	"2013-07-23 18:32:42"	"TRUE"	
"2440"	"centrer"	"2676"	"-er"	"centration"	"0"	"VN_AUTO:2013-07-02"	"AB"	"2013-07-23 18:32:42"	"TRUE"	
"2441"	"centrer"	"2676"	"-er"	"centrage"	"0"	"VN_AUTO:2013-07-02"	"AB"	"2013-07-23 18:32:42"	"TRUE"	
"2447"	"cerner"	"914"	"-er"	"cerne"	"0"	"VN_AUTO:2013-07-02"	"AB"	"2013-07-23 18:32:42"	"TRUE"	
"2449"	"cerner"	"914"	"-er"	"cernement"	"0"	"VN_AUTO:2013-07-02"	"AB"	"2013-07-24 12:54:40"	"TRUE"	
"2454"	"cesser"	"4116"	"-er"	"cessation"	"0"	"VN_AUTO:2013-07-02"	"AB"	"2013-07-23 18:32:42"	"TRUE"	
"2455"	"cesser"	"4116"	"-er"	"cesse"	"0"	"VN_AUTO:2013-07-02"	"AB"	"2013-07-23 18:32:42"	"TRUE"	
"2460"	"célébrer"	"1779"	"-er"	"célébration"	"0"	"VN_AUTO:2013-07-02"	"AB"	"2013-07-23 18:32:42"	"TRUE"	
"2506"	"changer"	"14634"	"-er"	"change"	"0"	"VN_AUTO:2013-07-02"	"AB"	"2013-07-23 18:32:42"	"TRUE"	
"3000009"	"changer"	"14634"	"-er"	"changement"	"0"	"VN_AUTO:2013-07-02"	"AB"	"2013-07-24 12:55:51"	"TRUE"	
"2513"	"chanter"	"3538"	"-er"	"chantage"	"0"	"VN_AUTO:2013-07-02"	"AB"	"2013-07-23 18:32:42"	"TRUE"	
"3000010"	"chanter"	"3538"	"-er"	"chant"	"0"	"VN_AUTO:2013-07-02"	"AB"	"2013-07-24 12:56:43"	"TRUE"	
"2560"	"chasser"	"1247"	"-er"	"chasse"	"0"	"VN_AUTO:2013-07-02"	"AB"	"2013-07-23 18:32:42"	"TRUE"	
"2562"	"chasser"	"1247"	"-er"	"chassage"	"0"	"VN_AUTO:2013-07-02"	"AB"	"2013-07-23 18:32:42"	"TRUE"	
"2578"	"chauffer"	"1727"	"-er"	"chauffe"	"0"	"VN_AUTO:2013-07-02"	"AB"	"2013-07-23 18:32:42"	"TRUE"	
"2582"	"chauffer"	"1727"	"-er"	"chauffage"	"0"	"VN_AUTO:2013-07-02"	"AB"	"2013-07-23 18:32:42"	"TRUE"	
"2614"	"chercher"	"16371"	"-er"	"chercheur"	"0"	"VN_AUTO:2013-07-02"	"AB"	"2013-07-23 19:42:27"	"TRUE"	
"2663"	"chiffrer"	"1529"	"-er"	"chiffrement"	"0"	"VN_AUTO:2013-07-02"	"AB"	"2013-07-23 18:32:42"	"TRUE"	
"2664"	"chiffrer"	"1529"	"-er"	"chiffrage"	"0"	"VN_AUTO:2013-07-02"	"AB"	"2013-07-23 18:32:42"	"TRUE"	
"2696"	"choisir"	"21195"	"-ir"	"choix"	"0"	"VN_AUTO:2013-07-02"	"AB"	"2013-07-23 19:35:07"	"TRUE"	
"2740"	"cibler"	"2284"	"-er"	"cible"	"0"	"VN_AUTO:2013-07-02"	"AB"	"2013-07-23 18:32:42"	"TRUE"	
"2741"	"cibler"	"2284"	"-er"	"ciblage"	"0"	"VN_AUTO:2013-07-02"	"AB"	"2013-07-23 18:32:42"	"TRUE"	
"2813"	"classer"	"7497"	"-er"	"classage"	"0"	"VN_AUTO:2013-07-02"	"AB"	"2013-07-23 18:32:42"	"TRUE"	
"2838"	"cliquer"	"14123"	"-er"	"clic"	"0"	"VN_AUTO:2013-07-02"	"AB"	"2013-07-23 19:53:55"	"TRUE"	
"2901"	"cocher"	"1012"	"-er"	"coche"	"0"	"VN_AUTO:2013-07-02"	"AB"	"2013-07-23 18:32:42"	"TRUE"	
"2912"	"coder"	"1652"	"-er"	"code"	"0"	"VN_AUTO:2013-07-02"	"AB"	"2013-07-23 18:32:42"	"TRUE"	
"2914"	"coder"	"1652"	"-er"	"codage"	"0"	"VN_AUTO:2013-07-02"	"AB"	"2013-07-23 18:32:42"	"TRUE"	
"2968"	"collecter"	"1918"	"-er"	"collectage"	"0"	"VN_AUTO:2013-07-02"	"AB"	"2013-07-23 18:32:42"	"TRUE"	
"2972"	"coller"	"2687"	"-er"	"collure"	"0"	"VN_AUTO:2013-07-02"	"AB"	"2013-07-23 18:32:42"	"TRUE"	
"2975"	"coller"	"2687"	"-er"	"colle"	"0"	"VN_AUTO:2013-07-02"	"AB"	"2013-07-23 18:32:42"	"TRUE"	
"2981"	"coller"	"2687"	"-er"	"collage"	"0"	"VN_AUTO:2013-07-02"	"AB"	"2013-07-23 18:32:42"	"TRUE"	
"3000"	"colorer"	"1472"	"-er"	"coloration"	"0"	"VN_AUTO:2013-07-02"	"AB"	"2013-07-23 18:32:42"	"TRUE"	
"3013"	"combiner"	"1851"	"-er"	"combinaison"	"0"	"VN_AUTO:2013-07-02"	"AB"	"2013-07-24 13:04:59"	"TRUE"	
"3016"	"combler"	"1402"	"-er"	"comble"	"0"	"VN_AUTO:2013-07-02"	"AB"	"2013-07-23 18:32:42"	"TRUE"	
"3017"	"combler"	"1402"	"-er"	"comblement"	"0"	"VN_AUTO:2013-07-02"	"AB"	"2013-07-23 18:32:42"	"TRUE"	
"3018"	"combler"	"1402"	"-er"	"comblage"	"0"	"VN_AUTO:2013-07-02"	"AB"	"2013-07-23 18:32:42"	"TRUE"	
"3022"	"commander"	"6659"	"-er"	"commandement"	"0"	"VN_AUTO:2013-07-02"	"AB"	"2013-07-23 18:32:42"	"TRUE"	
"3025"	"commencer"	"18636"	"-er"	"commencement"	"0"	"VN_AUTO:2013-07-02"	"AB"	"2013-07-23 18:32:42"	"TRUE"	
"3030"	"commercialiser"	"1502"	"-er"	"commercialisation"	"0"	"VN_AUTO:2013-07-02"	"AB"	"2013-07-23 18:32:42"	"TRUE"	
"3000012"	"commercialiser"	"1502"	"-er"	"commerce"	"0"	"VN_AUTO:2013-07-02"	"AB"	"2013-07-24 13:05:55"	"TRUE"	
"3058"	"compenser"	"1397"	"-er"	"compensation"	"0"	"VN_AUTO:2013-07-02"	"AB"	"2013-07-23 18:32:42"	"TRUE"	
"3072"	"compléter"	"7156"	"-er"	"complétion"	"0"	"VN_AUTO:2013-07-02"	"AB"	"2013-07-23 18:32:42"	"TRUE"	
"3081"	"composer"	"10988"	"-er"	"composition"	"0"	"VN_AUTO:2013-07-02"	"AB"	"2013-07-24 11:38:03"	"TRUE"	
"3082"	"composer"	"10988"	"-er"	"composeuse"	"0"	"VN_AUTO:2013-07-02"	"AB"	"2013-07-24 11:40:20"	"TRUE"	
"3083"	"composer"	"10988"	"-er"	"compositeur"	"0"	"VN_AUTO:2013-07-02"	"AB"	"2013-07-24 11:40:51"	"TRUE"	
"3095"	"compter"	"22013"	"-er"	"compte"	"0"	"VN_AUTO:2013-07-02"	"AB"	"2013-07-23 18:32:42"	"TRUE"	
"3096"	"compter"	"22013"	"-er"	"compteur"	"0"	"VN_AUTO:2013-07-02"	"AB"	"2013-07-23 19:33:09"	"TRUE"	
"3097"	"compter"	"22013"	"-er"	"comptage"	"0"	"VN_AUTO:2013-07-02"	"AB"	"2013-07-23 18:32:42"	"TRUE"	
"3098"	"compter"	"22013"	"-er"	"comptoir"	"0"	"VN_AUTO:2013-07-02"	"AB"	"2013-07-23 19:33:43"	"TRUE"	
"3131"	"concrétiser"	"1103"	"-er"	"concrétisation"	"0"	"VN_AUTO:2013-07-02"	"AB"	"2013-07-23 18:32:42"	"TRUE"	
"3135"	"condamner"	"4060"	"-er"	"condamnation"	"0"	"VN_AUTO:2013-07-02"	"AB"	"2013-07-23 18:32:42"	"TRUE"	
"3145"	"conditionner"	"1075"	"-er"	"conditionnement"	"0"	"VN_AUTO:2013-07-02"	"AB"	"2013-07-23 18:32:42"	"TRUE"	
"3164"	"confirmer"	"7536"	"-er"	"confirmation"	"0"	"VN_AUTO:2013-07-02"	"AB"	"2013-07-23 18:32:42"	"TRUE"	
"3171"	"conforter"	"1272"	"-er"	"confortement"	"0"	"VN_AUTO:2013-07-02"	"AB"	"2013-07-23 18:32:42"	"TRUE"	
"3173"	"confronter"	"3343"	"-er"	"confrontation"	"0"	"VN_AUTO:2013-07-02"	"AB"	"2013-07-23 18:32:42"	"TRUE"	
"3196"	"connecter"	"4258"	"-er"	"connexion"	"0"	"VN_AUTO:2013-07-02"	"AB"	"2013-07-24 15:20:40"	"TRUE"	
"3202"	"conseiller"	"11380"	"-er"	"conseil"	"0"	"VN_AUTO:2013-07-02"	"AB"	"2013-07-23 20:01:56"	"TRUE"	
"3203"	"consentir"	"1125"	"-er"	"consentement"	"0"	"VN_AUTO:2013-07-02"	"AB"	"2013-07-23 18:32:42"	"TRUE"	
"3204"	"conserver"	"8088"	"-er"	"conserve"	"0"	"VN_AUTO:2013-07-02"	"AB"	"2013-07-23 18:32:42"	"TRUE"	
"3208"	"considérer"	"15110"	"-er"	"considération"	"0"	"VN_AUTO:2013-07-02"	"AB"	"2013-07-23 18:32:42"	"TRUE"	
"3217"	"consolider"	"1128"	"-er"	"consolidement"	"0"	"VN_AUTO:2013-07-02"	"AB"	"2013-07-23 18:32:42"	"TRUE"	
"3219"	"consolider"	"1128"	"-er"	"consolidation"	"0"	"VN_AUTO:2013-07-02"	"AB"	"2013-07-23 18:32:42"	"TRUE"	
"3228"	"constater"	"7862"	"-er"	"constatation"	"0"	"VN_AUTO:2013-07-02"	"AB"	"2013-07-23 18:32:42"	"TRUE"	
"3237"	"consulter"	"12952"	"-er"	"consultation"	"0"	"VN_AUTO:2013-07-02"	"AB"	"2013-07-23 19:57:33"	"TRUE"	
"3242"	"contacter"	"10281"	"-er"	"contact"	"0"	"VN_AUTO:2013-07-02"	"AB"	"2013-07-24 11:49:51"	"TRUE"	
"3249"	"contenir"	"13027"	"-er"	"contention"	"0"	"VN_AUTO:2013-07-02"	"AB"	"2013-07-23 18:32:42"	"TRUE"	
"3251"	"contenter"	"2373"	"-er"	"contentement"	"0"	"VN_AUTO:2013-07-02"	"AB"	"2013-07-23 18:32:42"	"TRUE"	
"3256"	"contester"	"1833"	"-er"	"conteste"	"0"	"VN_AUTO:2013-07-02"	"AB"	"2013-07-23 18:32:42"	"TRUE"	
"3257"	"contester"	"1833"	"-er"	"contestation"	"0"	"VN_AUTO:2013-07-02"	"AB"	"2013-07-23 18:32:42"	"TRUE"	
"3261"	"continuer"	"15994"	"-er"	"continuation"	"0"	"VN_AUTO:2013-07-02"	"AB"	"2013-07-23 18:32:42"	"TRUE"	
"3262"	"continuer"	"15994"	"-er"	"continuateur"	"0"	"VN_AUTO:2013-07-02"	"AB"	"2013-07-23 19:46:21"	"TRUE"	
"3268"	"contracter"	"951"	"-er"	"contraction"	"0"	"VN_AUTO:2013-07-02"	"AB"	"2013-07-23 18:32:42"	"TRUE"	
"3335"	"copier"	"2070"	"-er"	"copiage"	"0"	"VN_AUTO:2013-07-02"	"AB"	"2013-07-23 18:32:42"	"TRUE"	
"3389"	"coter"	"3874"	"-er"	"cote"	"0"	"VN_AUTO:2013-07-02"	"AB"	"2013-07-23 18:32:42"	"TRUE"	
"3391"	"coter"	"3874"	"-er"	"cotation"	"0"	"VN_AUTO:2013-07-02"	"AB"	"2013-07-23 18:32:42"	"TRUE"	
"3406"	"coucher"	"1939"	"-er"	"couchage"	"0"	"VN_AUTO:2013-07-02"	"AB"	"2013-07-23 18:32:42"	"TRUE"	
"3424"	"couler"	"1813"	"-er"	"coulée"	"0"	"VN_AUTO:2013-07-02"	"AB"	"2013-07-23 18:32:42"	"TRUE"	
"3425"	"couler"	"1813"	"-er"	"coulage"	"0"	"VN_AUTO:2013-07-02"	"AB"	"2013-07-23 18:32:42"	"TRUE"	
"3000013"	"couler"	"1813"	"-er"	"coulure"	"0"	"VN_AUTO:2013-07-02"	"AB"	"2013-07-24 15:24:53"	"TRUE"	
"3436"	"couper"	"5959"	"-er"	"coupage"	"0"	"VN_AUTO:2013-07-02"	"AB"	"2013-07-23 18:32:42"	"TRUE"	
"3437"	"couper"	"5959"	"-er"	"coupure"	"0"	"VN_AUTO:2013-07-02"	"AB"	"2013-07-23 18:32:42"	"TRUE"	
"3440"	"couper"	"5959"	"-er"	"coupe"	"0"	"VN_AUTO:2013-07-02"	"AB"	"2013-07-23 18:32:42"	"TRUE"	
"3480"	"couvrir"	"6581"	"-er"	"couvrement"	"0"	"VN_AUTO:2013-07-02"	"AB"	"2013-07-23 18:32:42"	"TRUE"	
"3532"	"creuser"	"1456"	"-er"	"creusement"	"0"	"VN_AUTO:2013-07-02"	"AB"	"2013-07-23 18:32:42"	"TRUE"	
"3533"	"creuser"	"1456"	"-er"	"creusage"	"0"	"VN_AUTO:2013-07-02"	"AB"	"2013-07-23 18:32:42"	"TRUE"	
"3545"	"créer"	"31764"	"-er"	"créateur"	"0"	"VN_AUTO:2013-07-02"	"AB"	"2013-07-23 18:55:02"	"TRUE"	
"3578"	"crier"	"1557"	"-er"	"criage"	"0"	"VN_AUTO:2013-07-02"	"AB"	"2013-07-23 18:32:42"	"TRUE"	
"3580"	"crier"	"1557"	"-er"	"criée"	"0"	"VN_AUTO:2013-07-02"	"AB"	"2013-07-23 18:32:42"	"TRUE"	
"3000015"	"crier"	"1557"	"-er"	"cri"	"0"	"VN_AUTO:2013-07-02"	"AB"	"2013-07-24 15:30:14"	"TRUE"	
"3590"	"critiquer"	"2625"	"-er"	"critique"	"0"	"VN_AUTO:2013-07-02"	"AB"	"2013-07-23 18:32:42"	"TRUE"	
"3600"	"croiser"	"2733"	"-er"	"croisement"	"0"	"VN_AUTO:2013-07-02"	"AB"	"2013-07-23 18:32:42"	"TRUE"	
"3602"	"croiser"	"2733"	"-er"	"croisée"	"0"	"VN_AUTO:2013-07-02"	"AB"	"2013-07-23 18:32:42"	"TRUE"	
"3675"	"cultiver"	"1543"	"-er"	"culture"	"0"	"VN_AUTO:2013-07-02"	"AB"	"2013-07-24 15:31:44"	"TRUE"	
"3677"	"cumuler"	"1136"	"-er"	"cumul"	"0"	"VN_AUTO:2013-07-02"	"AB"	"2013-07-24 15:32:16"	"TRUE"	
"3752"	"dater"	"3352"	"-er"	"date"	"0"	"VN_AUTO:2013-07-02"	"AB"	"2013-07-23 18:32:42"	"TRUE"	
"3754"	"dater"	"3352"	"-er"	"datation"	"0"	"VN_AUTO:2013-07-02"	"AB"	"2013-07-23 18:32:42"	"TRUE"	
"3755"	"dater"	"3352"	"-er"	"datage"	"0"	"VN_AUTO:2013-07-02"	"AB"	"2013-07-23 18:32:42"	"TRUE"	
"3760"	"demander"	"30384"	"-er"	"demande"	"0"	"VN_AUTO:2013-07-02"	"AB"	"2013-07-24 15:33:17"	"TRUE"	
"3762"	"demander"	"30384"	"-er"	"demandeur"	"0"	"VN_AUTO:2013-07-02"	"AB"	"2013-07-23 18:55:30"	"TRUE"	
"3764"	"demeurer"	"4456"	"-er"	"demeure"	"0"	"VN_AUTO:2013-07-02"	"AB"	"2013-07-23 18:32:42"	"TRUE"	
"3810"	"destiner"	"10973"	"-er"	"destinée"	"0"	"VN_AUTO:2013-07-02"	"AB"	"2013-07-23 18:32:42"	"TRUE"	
"3819"	"deviner"	"968"	"-er"	"divination"	"0"	"VN_AUTO:2013-07-02"	"AB"	"2013-07-24 15:34:54"	"TRUE"	
"3839"	"débarquer"	"1040"	"-er"	"débarquement"	"0"	"VN_AUTO:2013-07-02"	"AB"	"2013-07-23 18:32:42"	"TRUE"	
"3840"	"débarquer"	"1040"	"-er"	"débarquage"	"0"	"VN_AUTO:2013-07-02"	"AB"	"2013-07-23 18:32:42"	"TRUE"	
"3842"	"débarrasser"	"1001"	"-er"	"débarrassage"	"0"	"VN_AUTO:2013-07-02"	"AB"	"2013-07-23 18:32:42"	"TRUE"	
"3894"	"déboucher"	"1338"	"-er"	"débouchement"	"0"	"VN_AUTO:2013-07-02"	"AB"	"2013-07-23 18:32:42"	"TRUE"	
"3895"	"déboucher"	"1338"	"-er"	"débouchage"	"0"	"VN_AUTO:2013-07-02"	"AB"	"2013-07-23 18:32:42"	"TRUE"	
"3898"	"déboucher"	"1338"	"-er"	"débouché"	"0"	"VN_AUTO:2013-07-02"	"AB"	"2013-07-23 18:32:42"	"TRUE"	
"4042"	"décider"	"14705"	"-er"	"décideur"	"0"	"VN_AUTO:2013-07-02"	"AB"	"2013-07-23 19:50:57"	"TRUE"	
"4043"	"décider"	"14705"	"-er"	"décision"	"0"	"VN_AUTO:2013-07-02"	"AB"	"2013-07-23 19:51:11"	"TRUE"	
"4058"	"déclencher"	"1563"	"-er"	"déclenche"	"0"	"VN_AUTO:2013-07-02"	"AB"	"2013-07-23 18:32:42"	"TRUE"	
"4060"	"déclencher"	"1563"	"-er"	"déclenchement"	"0"	"VN_AUTO:2013-07-02"	"AB"	"2013-07-23 18:32:42"	"TRUE"	
"4062"	"décliner"	"1762"	"-er"	"déclinement"	"0"	"VN_AUTO:2013-07-02"	"AB"	"2013-07-23 18:32:42"	"TRUE"	
"4063"	"décliner"	"1762"	"-er"	"déclination"	"0"	"VN_AUTO:2013-07-02"	"AB"	"2013-07-23 18:32:42"	"TRUE"	
"3000016"	"décliner"	"1762"	"-er"	"déclin"	"0"	"VN_AUTO:2013-07-02"	"AB"	"2013-07-24 15:38:11"	"TRUE"	
"4127"	"décorer"	"1556"	"-er"	"décoration"	"0"	"VN_AUTO:2013-07-02"	"AB"	"2013-07-23 18:32:42"	"TRUE"	
"4141"	"découler"	"1390"	"-er"	"découlement"	"0"	"VN_AUTO:2013-07-02"	"AB"	"2013-07-23 18:32:42"	"TRUE"	
"4142"	"découper"	"1437"	"-er"	"découpage"	"0"	"VN_AUTO:2013-07-02"	"AB"	"2013-07-23 18:32:42"	"TRUE"	
"4143"	"découper"	"1437"	"-er"	"découpure"	"0"	"VN_AUTO:2013-07-02"	"AB"	"2013-07-23 18:32:42"	"TRUE"	
"4145"	"découper"	"1437"	"-er"	"découpe"	"0"	"VN_AUTO:2013-07-02"	"AB"	"2013-07-23 18:32:42"	"TRUE"	
"4152"	"découvrir"	"19730"	"-er"	"découvrement"	"0"	"VN_AUTO:2013-07-02"	"AB"	"2013-07-23 18:32:42"	"TRUE"	
"3000017"	"découvrir"	"19730"	"-er"	"découverte"	"0"	"VN_AUTO:2013-07-02"	"AB"	"2013-07-24 15:40:00"	"TRUE"	
"4170"	"décrocher"	"936"	"-er"	"décrochement"	"0"	"VN_AUTO:2013-07-02"	"AB"	"2013-07-23 18:32:42"	"TRUE"	
"4171"	"décrocher"	"936"	"-er"	"décrochage"	"0"	"VN_AUTO:2013-07-02"	"AB"	"2013-07-23 18:32:42"	"TRUE"	
"4265"	"définir"	"14924"	"-ir"	"définition"	"0"	"VN_AUTO:2013-07-02"	"AB"	"2013-07-23 19:51:30"	"TRUE"	
"4376"	"dégrader"	"1105"	"-er"	"dégradation"	"0"	"VN_AUTO:2013-07-02"	"AB"	"2013-07-23 18:32:42"	"TRUE"	
"4412"	"déguster"	"959"	"-er"	"dégustation"	"0"	"VN_AUTO:2013-07-02"	"AB"	"2013-07-23 18:32:42"	"TRUE"	
"4459"	"délibérer"	"1358"	"-er"	"délibéré"	"0"	"VN_AUTO:2013-07-02"	"AB"	"2013-07-23 18:32:42"	"TRUE"	
"4460"	"délibérer"	"1358"	"-er"	"délibération"	"0"	"VN_AUTO:2013-07-02"	"AB"	"2013-07-23 18:32:42"	"TRUE"	
"4482"	"délivrer"	"4277"	"-er"	"délivrance"	"0"	"VN_AUTO:2013-07-02"	"AB"	"2013-07-24 15:46:33"	"TRUE"	
"4506"	"démarcher"	"1008"	"-er"	"démarchage"	"0"	"VN_AUTO:2013-07-02"	"AB"	"2013-07-23 18:32:42"	"TRUE"	
"4516"	"démarrer"	"2064"	"-er"	"démarrage"	"0"	"VN_AUTO:2013-07-02"	"AB"	"2013-07-23 18:32:42"	"TRUE"	
"4656"	"dépasser"	"6336"	"-er"	"dépassement"	"0"	"VN_AUTO:2013-07-02"	"AB"	"2013-07-23 18:32:42"	"TRUE"	
"3000019"	"déposer"	"7524"	"-er"	"dépôt"	"0"	"VN_AUTO:2013-07-02"	"AB"	"2013-07-24 15:48:47"	"TRUE"	
"4722"	"déposer"	"7524"	"-er"	"dépose"	"0"	"VN_AUTO:2013-07-02"	"AB"	"2013-07-24 15:51:58"	"TRUE"	
"3000018"	"déposer"	"7524"	"-er"	"déposition"	"0"	"VN_AUTO:2013-07-02"	"AB"	"2013-07-24 15:50:52"	"TRUE"	
"4765"	"députer"	"1315"	"-er"	"députation"	"0"	"VN_AUTO:2013-07-02"	"AB"	"2013-07-23 18:32:42"	"TRUE"	
"4797"	"dériver"	"1337"	"-er"	"dérivée"	"0"	"VN_AUTO:2013-07-02"	"AB"	"2013-07-23 18:32:42"	"TRUE"	
"4798"	"dériver"	"1337"	"-er"	"dérivation"	"0"	"VN_AUTO:2013-07-02"	"AB"	"2013-07-23 18:32:42"	"TRUE"	
"4803"	"dériver"	"1337"	"-er"	"dérive"	"0"	"VN_AUTO:2013-07-02"	"AB"	"2013-07-23 18:32:42"	"TRUE"	
"4805"	"dériver"	"1337"	"-er"	"dérivement"	"0"	"VN_AUTO:2013-07-02"	"AB"	"2013-07-24 15:53:07"	"TRUE"	"vieilli"
"4819"	"dérouler"	"6581"	"-er"	"déroulement"	"0"	"VN_AUTO:2013-07-02"	"AB"	"2013-07-23 18:32:42"	"TRUE"	
"4820"	"dérouler"	"6581"	"-er"	"déroulage"	"0"	"VN_AUTO:2013-07-02"	"AB"	"2013-07-23 18:32:42"	"TRUE"	
"5018"	"désigner"	"6669"	"-er"	"désignation"	"0"	"VN_AUTO:2013-07-02"	"AB"	"2013-07-23 18:32:42"	"TRUE"	
"5057"	"désoler"	"1802"	"-er"	"désolation"	"0"	"VN_AUTO:2013-07-02"	"AB"	"2013-07-23 18:32:42"	"TRUE"	
"5098"	"détacher"	"1234"	"-er"	"détachement"	"0"	"VN_AUTO:2013-07-02"	"AB"	"2013-07-23 18:32:42"	"TRUE"	
"5100"	"détacher"	"1234"	"-er"	"détachage"	"0"	"VN_AUTO:2013-07-02"	"AB"	"2013-07-23 18:32:42"	"TRUE"	
"5110"	"détecter"	"1644"	"-er"	"détection"	"0"	"VN_AUTO:2013-07-02"	"AB"	"2013-07-23 18:32:42"	"TRUE"	
"5114"	"détenir"	"2694"	"-er"	"détention"	"0"	"VN_AUTO:2013-07-02"	"AB"	"2013-07-23 18:32:42"	"TRUE"	
"5116"	"déterminer"	"7714"	"-er"	"détermination"	"0"	"VN_AUTO:2013-07-02"	"AB"	"2013-07-23 18:32:42"	"TRUE"	
"5139"	"détourner"	"1246"	"-er"	"détournement"	"0"	"VN_AUTO:2013-07-02"	"AB"	"2013-07-23 18:32:42"	"TRUE"	
"5173"	"développer"	"21258"	"-er"	"développeur"	"0"	"VN_AUTO:2013-07-02"	"AB"	"2013-07-23 19:34:25"	"TRUE"	
"5177"	"développer"	"21258"	"-er"	"développé"	"0"	"VN_AUTO:2013-07-02"	"AB"	"2013-07-23 19:34:52"	"TRUE"	
"5204"	"dévoiler"	"2201"	"-er"	"dévoilement"	"0"	"VN_AUTO:2013-07-02"	"AB"	"2013-07-23 18:32:42"	"TRUE"	
"5245"	"différencier"	"1348"	"-er"	"différenciation"	"0"	"VN_AUTO:2013-07-02"	"AB"	"2013-07-23 18:32:42"	"TRUE"	
"5249"	"différer"	"1182"	"-er"	"différé"	"0"	"VN_AUTO:2013-07-02"	"AB"	"2013-07-23 18:32:42"	"TRUE"	
"5273"	"diminuer"	"3787"	"-er"	"diminution"	"0"	"VN_AUTO:2013-07-02"	"AB"	"2013-07-23 18:32:42"	"TRUE"	
"5308"	"dispenser"	"2283"	"-er"	"dispense"	"0"	"VN_AUTO:2013-07-02"	"AB"	"2013-07-23 18:32:42"	"TRUE"	
"5309"	"dispenser"	"2283"	"-er"	"dispensation"	"0"	"VN_AUTO:2013-07-02"	"AB"	"2013-07-23 18:32:42"	"TRUE"	
"5314"	"disputer"	"1012"	"-er"	"dispute"	"0"	"VN_AUTO:2013-07-02"	"AB"	"2013-07-23 18:32:42"	"TRUE"	
"5316"	"disputer"	"1012"	"-er"	"disputation"	"0"	"VN_AUTO:2013-07-02"	"AB"	"2013-07-23 18:32:42"	"TRUE"	
"5375"	"dominer"	"2951"	"-er"	"domination"	"0"	"VN_AUTO:2013-07-02"	"AB"	"2013-07-23 18:32:42"	"TRUE"	
"5381"	"donner"	"58607"	"-er"	"donné"	"0"	"VN_AUTO:2013-07-02"	"AB"	"2013-07-23 18:44:16"	"TRUE"	
"5382"	"donner"	"58607"	"-er"	"donne"	"0"	"VN_AUTO:2013-07-02"	"AB"	"2013-07-23 18:32:42"	"TRUE"	
"5383"	"donner"	"58607"	"-er"	"donneur"	"0"	"VN_AUTO:2013-07-02"	"AB"	"2013-07-23 18:44:27"	"TRUE"	
"5384"	"donner"	"58607"	"-er"	"donnée"	"0"	"VN_AUTO:2013-07-02"	"AB"	"2013-07-23 18:44:35"	"TRUE"	
"5404"	"doter"	"4145"	"-er"	"dotation"	"0"	"VN_AUTO:2013-07-02"	"AB"	"2013-07-23 18:32:42"	"TRUE"	
"5408"	"doubler"	"2319"	"-er"	"doublement"	"0"	"VN_AUTO:2013-07-02"	"AB"	"2013-07-23 18:32:42"	"TRUE"	
"5409"	"doubler"	"2319"	"-er"	"doublage"	"0"	"VN_AUTO:2013-07-02"	"AB"	"2013-07-23 18:32:42"	"TRUE"	
"5422"	"douter"	"2234"	"-er"	"doute"	"0"	"VN_AUTO:2013-07-02"	"AB"	"2013-07-23 18:32:42"	"TRUE"	
"5455"	"dresser"	"2723"	"-er"	"dressement"	"0"	"VN_AUTO:2013-07-02"	"AB"	"2013-07-23 18:32:42"	"TRUE"	
"5456"	"dresser"	"2723"	"-er"	"dressage"	"0"	"VN_AUTO:2013-07-02"	"AB"	"2013-07-23 18:32:42"	"TRUE"	
"5500"	"durer"	"5283"	"-er"	"durée"	"0"	"VN_AUTO:2013-07-02"	"AB"	"2013-07-23 18:32:42"	"TRUE"	
"5515"	"effacer"	"1711"	"-er"	"effacement"	"0"	"VN_AUTO:2013-07-02"	"AB"	"2013-07-23 18:32:42"	"TRUE"	
"5524"	"effectuer"	"17886"	"-er"	"effectuation"	"0"	"VN_AUTO:2013-07-02"	"AB"	"2013-07-23 18:32:42"	"TRUE"	
"5565"	"embarquer"	"1572"	"-er"	"embarquement"	"0"	"VN_AUTO:2013-07-02"	"AB"	"2013-07-23 18:32:42"	"TRUE"	
"5572"	"embaucher"	"1171"	"-er"	"embauchement"	"0"	"VN_AUTO:2013-07-02"	"AB"	"2013-07-23 18:32:42"	"TRUE"	
"5573"	"embaucher"	"1171"	"-er"	"embauche"	"0"	"VN_AUTO:2013-07-02"	"AB"	"2013-07-23 18:32:42"	"TRUE"	
"5575"	"embaucher"	"1171"	"-er"	"embauchage"	"0"	"VN_AUTO:2013-07-02"	"AB"	"2013-07-23 18:32:42"	"TRUE"	
"5628"	"embrasser"	"1194"	"-er"	"embrassement"	"0"	"VN_AUTO:2013-07-02"	"AB"	"2013-07-23 18:32:42"	"TRUE"	
"5629"	"embrasser"	"1194"	"-er"	"embrassade"	"0"	"VN_AUTO:2013-07-02"	"AB"	"2013-07-23 18:32:42"	"TRUE"	
"5682"	"emparer"	"1006"	"-er"	"emparement"	"0"	"VN_AUTO:2013-07-02"	"AB"	"2013-07-23 18:32:42"	"TRUE"	
"5732"	"emporter"	"2942"	"-er"	"emportement"	"0"	"VN_AUTO:2013-07-02"	"AB"	"2013-07-23 18:32:42"	"TRUE"	
"5790"	"enchaîner"	"935"	"-er"	"enchaînement"	"0"	"VN_AUTO:2013-07-02"	"AB"	"2013-07-23 18:32:42"	"TRUE"	
"5878"	"endormir"	"1120"	"-er"	"endormement"	"0"	"VN_AUTO:2013-07-02"	"AB"	"2013-07-23 18:32:42"	"TRUE"	
"3000020"	"endormir"	"1120"	"-er"	"endormissement"	"0"	"VN_AUTO:2013-07-02"	"AB"	"2013-07-24 15:59:18"	"TRUE"	
"5890"	"enfermer"	"1377"	"-er"	"enfermement"	"0"	"VN_AUTO:2013-07-02"	"AB"	"2013-07-23 18:32:42"	"TRUE"	
"5906"	"enfoncer"	"938"	"-er"	"enfoncement"	"0"	"VN_AUTO:2013-07-02"	"AB"	"2013-07-23 18:32:42"	"TRUE"	
"5922"	"engager"	"15689"	"-er"	"engagement"	"0"	"VN_AUTO:2013-07-02"	"AB"	"2013-07-23 19:49:30"	"TRUE"	
"5931"	"engendrer"	"1948"	"-er"	"engendrement"	"0"	"VN_AUTO:2013-07-02"	"AB"	"2013-07-23 18:32:42"	"TRUE"	
"5989"	"enlever"	"3259"	"-er"	"enlevage"	"0"	"VN_AUTO:2013-07-02"	"AB"	"2013-07-23 18:32:42"	"TRUE"	
"6011"	"enregistrer"	"8920"	"-er"	"enregistrement"	"0"	"VN_AUTO:2013-07-02"	"AB"	"2013-07-24 12:08:31"	"TRUE"	
"6079"	"entamer"	"1560"	"-er"	"entame"	"0"	"VN_AUTO:2013-07-02"	"AB"	"2013-07-23 18:32:42"	"TRUE"	
"6126"	"entraîner"	"6921"	"-er"	"entraînement"	"0"	"VN_AUTO:2013-07-02"	"AB"	"2013-07-23 18:32:42"	"TRUE"	
"6143"	"entrer"	"10244"	"-er"	"entrée"	"0"	"VN_AUTO:2013-07-02"	"AB"	"2013-07-24 11:51:06"	"TRUE"	
"6176"	"envoyer"	"16101"	"-er"	"envoi"	"0"	"VN_AUTO:2013-07-02"	"AB"	"2013-07-23 19:45:45"	"TRUE"	
"6177"	"envoyer"	"16101"	"-er"	"envoyeur"	"0"	"VN_AUTO:2013-07-02"	"AB"	"2013-07-23 19:45:33"	"TRUE"	
"6254"	"essayer"	"3256"	"-er"	"essayage"	"0"	"VN_AUTO:2013-07-02"	"AB"	"2013-07-23 18:32:42"	"TRUE"	
"6282"	"estimer"	"7564"	"-er"	"estime"	"0"	"VN_AUTO:2013-07-02"	"AB"	"2013-07-23 18:32:42"	"TRUE"	
"6283"	"estimer"	"7564"	"-er"	"estimation"	"0"	"VN_AUTO:2013-07-02"	"AB"	"2013-07-23 18:32:42"	"TRUE"	
"6340"	"excuser"	"1287"	"-er"	"excuse"	"0"	"VN_AUTO:2013-07-02"	"AB"	"2013-07-23 18:32:42"	"TRUE"	
"6384"	"expliquer"	"13998"	"-er"	"explication"	"0"	"VN_AUTO:2013-07-02"	"AB"	"2013-07-23 19:53:33"	"TRUE"	
"6388"	"explorer"	"2358"	"-er"	"exploration"	"0"	"VN_AUTO:2013-07-02"	"AB"	"2013-07-23 18:32:42"	"TRUE"	
"6390"	"exploser"	"1247"	"-er"	"explosion"	"0"	"VN_AUTO:2013-07-02"	"AB"	"2013-07-23 18:32:42"	"TRUE"	
"6394"	"exporter"	"942"	"-er"	"exportation"	"0"	"VN_AUTO:2013-07-02"	"AB"	"2013-07-23 18:32:42"	"TRUE"	
"3000022"	"exposer"	"5599"	"-er"	"exposition"	"0"	"VN_AUTO:2013-07-02"	"AB"	"2013-07-24 16:02:46"	"TRUE"	
"6397"	"exposer"	"5599"	"-er"	"exposé"	"0"	"VN_AUTO:2013-07-02"	"AB"	"2013-07-23 18:32:42"	"TRUE"	
"6400"	"exprimer"	"9864"	"-er"	"expression"	"0"	"VN_AUTO:2013-07-02"	"AB"	"2013-07-24 16:03:15"	"TRUE"	
"6526"	"écarter"	"1743"	"-er"	"écartement"	"0"	"VN_AUTO:2013-07-02"	"AB"	"2013-07-23 18:32:42"	"TRUE"	
"6543"	"échapper"	"3519"	"-er"	"échappement"	"0"	"VN_AUTO:2013-07-02"	"AB"	"2013-07-23 18:32:42"	"TRUE"	
"6544"	"échapper"	"3519"	"-er"	"échappée"	"0"	"VN_AUTO:2013-07-02"	"AB"	"2013-07-23 18:32:42"	"TRUE"	
"6545"	"échapper"	"3519"	"-er"	"échappade"	"0"	"VN_AUTO:2013-07-02"	"AB"	"2013-07-23 18:32:42"	"TRUE"	
"6595"	"échouer"	"1124"	"-er"	"échec"	"0"	"VN_AUTO:2013-07-02"	"AB"	"2013-07-24 16:09:33"	"TRUE"	
"6596"	"échouer"	"1124"	"-er"	"échouage"	"0"	"VN_AUTO:2013-07-02"	"AB"	"2013-07-23 18:32:42"	"TRUE"	
"6606"	"éclairer"	"2892"	"-er"	"éclairement"	"0"	"VN_AUTO:2013-07-02"	"AB"	"2013-07-23 18:32:42"	"TRUE"	
"6607"	"éclairer"	"2892"	"-er"	"éclairage"	"0"	"VN_AUTO:2013-07-02"	"AB"	"2013-07-23 18:32:42"	"TRUE"	
"6613"	"éclater"	"1440"	"-er"	"éclatement"	"0"	"VN_AUTO:2013-07-02"	"AB"	"2013-07-23 18:32:42"	"TRUE"	
"6663"	"écouler"	"1110"	"-er"	"écoulement"	"0"	"VN_AUTO:2013-07-02"	"AB"	"2013-07-23 18:32:42"	"TRUE"	
"6664"	"écouler"	"1110"	"-er"	"écoulage"	"0"	"VN_AUTO:2013-07-02"	"AB"	"2013-07-23 18:32:42"	"TRUE"	
"6677"	"écraser"	"1169"	"-er"	"écrasement"	"0"	"VN_AUTO:2013-07-02"	"AB"	"2013-07-23 18:32:42"	"TRUE"	
"6678"	"écraser"	"1169"	"-er"	"écrasage"	"0"	"VN_AUTO:2013-07-02"	"AB"	"2013-07-23 18:32:42"	"TRUE"	
"6785"	"élever"	"9709"	"-er"	"élévation"	"0"	"VN_AUTO:2013-07-02"	"AB"	"2013-07-24 11:56:09"	"TRUE"	
"6787"	"élever"	"9709"	"-er"	"éleveur"	"0"	"VN_AUTO:2013-07-02"	"AB"	"2013-07-24 11:57:32"	"TRUE"	
"6789"	"élever"	"9709"	"-er"	"élève"	"0"	"VN_AUTO:2013-07-02"	"AB"	"2013-07-24 11:57:52"	"TRUE"	
"6792"	"éliminer"	"2459"	"-er"	"élimination"	"0"	"VN_AUTO:2013-07-02"	"AB"	"2013-07-23 18:32:42"	"TRUE"	
"6797"	"éloigner"	"2897"	"-er"	"éloignement"	"0"	"VN_AUTO:2013-07-02"	"AB"	"2013-07-23 18:32:42"	"TRUE"	
"6812"	"émaner"	"1142"	"-er"	"émanation"	"0"	"VN_AUTO:2013-07-02"	"AB"	"2013-07-23 18:32:42"	"TRUE"	
"6871"	"énoncer"	"1383"	"-er"	"énoncé"	"0"	"VN_AUTO:2013-07-02"	"AB"	"2013-07-23 18:32:42"	"TRUE"	
"3000023"	"énoncer"	"1383"	"-er"	"énonciation"	"0"	"VN_AUTO:2013-07-02"	"AB"	"2013-07-24 16:11:49"	"TRUE"	
"6896"	"épargner"	"1106"	"-er"	"épargne"	"0"	"VN_AUTO:2013-07-02"	"AB"	"2013-07-23 18:32:42"	"TRUE"	
"6985"	"épuiser"	"1178"	"-er"	"épuisement"	"0"	"VN_AUTO:2013-07-02"	"AB"	"2013-07-23 18:32:42"	"TRUE"	
"7000"	"équilibrer"	"1789"	"-er"	"équilibration"	"0"	"VN_AUTO:2013-07-02"	"AB"	"2013-07-23 18:32:42"	"TRUE"	
"7001"	"équilibrer"	"1789"	"-er"	"équilibrage"	"0"	"VN_AUTO:2013-07-02"	"AB"	"2013-07-23 18:32:42"	"TRUE"	
"7024"	"établir"	"12640"	"-er"	"établissement"	"0"	"VN_AUTO:2013-07-02"	"AB"	"2013-07-23 19:58:53"	"TRUE"	
"7030"	"étaler"	"981"	"-er"	"étalement"	"0"	"VN_AUTO:2013-07-02"	"AB"	"2013-07-23 18:32:42"	"TRUE"	
"7031"	"étaler"	"981"	"-er"	"étalage"	"0"	"VN_AUTO:2013-07-02"	"AB"	"2013-07-23 18:32:42"	"TRUE"	
"7086"	"étonner"	"2056"	"-er"	"étonnement"	"0"	"VN_AUTO:2013-07-02"	"AB"	"2013-07-23 18:32:42"	"TRUE"	
"7168"	"éviter"	"10886"	"-er"	"évitement"	"0"	"VN_AUTO:2013-07-02"	"AB"	"2013-07-23 18:32:42"	"TRUE"	
"7169"	"éviter"	"10886"	"-er"	"évitage"	"0"	"VN_AUTO:2013-07-02"	"AB"	"2013-07-23 18:32:42"	"TRUE"	
"7172"	"fabriquer"	"3649"	"-er"	"fabrique"	"0"	"VN_AUTO:2013-07-02"	"AB"	"2013-07-23 18:32:42"	"TRUE"	
"3000025"	"fabriquer"	"3649"	"-er"	"fabrication"	"0"	"VN_AUTO:2013-07-02"	"AB"	"2013-07-24 16:14:20"	"TRUE"	
"7182"	"faciliter"	"6898"	"-er"	"facilitation"	"0"	"VN_AUTO:2013-07-02"	"AB"	"2013-07-23 18:32:42"	"TRUE"	
"7187"	"facturer"	"1018"	"-er"	"facturation"	"0"	"VN_AUTO:2013-07-02"	"AB"	"2013-07-23 18:32:42"	"TRUE"	
"7257"	"fatiguer"	"1037"	"-er"	"fatigue"	"0"	"VN_AUTO:2013-07-02"	"AB"	"2013-07-23 18:32:42"	"TRUE"	
"7281"	"favoriser"	"8908"	"-er"	"favorisé"	"0"	"VN_AUTO:2013-07-02"	"AB"	"2013-07-24 12:09:35"	"TRUE"	
"7351"	"féliciter"	"1480"	"-er"	"félicitation"	"0"	"VN_AUTO:2013-07-02"	"AB"	"2013-07-23 18:32:42"	"TRUE"	
"7362"	"fêter"	"2020"	"-er"	"fête"	"0"	"VN_AUTO:2013-07-02"	"AB"	"2013-07-23 18:32:42"	"TRUE"	
"7389"	"figurer"	"8080"	"-er"	"figuration"	"0"	"VN_AUTO:2013-07-02"	"AB"	"2013-07-23 18:32:42"	"TRUE"	
"7394"	"filer"	"1075"	"-er"	"filage"	"0"	"VN_AUTO:2013-07-02"	"AB"	"2013-07-23 18:32:42"	"TRUE"	
"7396"	"filer"	"1075"	"-er"	"filement"	"0"	"VN_AUTO:2013-07-02"	"AB"	"2013-07-23 18:32:42"	"TRUE"	
"7398"	"filer"	"1075"	"-er"	"file"	"0"	"VN_AUTO:2013-07-02"	"AB"	"2013-07-23 18:32:42"	"TRUE"	
"7410"	"filmer"	"1204"	"-er"	"filmage"	"0"	"VN_AUTO:2013-07-02"	"AB"	"2013-07-23 18:32:42"	"TRUE"	
"7416"	"filtrer"	"1010"	"-er"	"filtre"	"0"	"VN_AUTO:2013-07-02"	"AB"	"2013-07-23 18:32:42"	"TRUE"	
"7418"	"filtrer"	"1010"	"-er"	"filtration"	"0"	"VN_AUTO:2013-07-02"	"AB"	"2013-07-23 18:32:42"	"TRUE"	
"7419"	"filtrer"	"1010"	"-er"	"filtrage"	"0"	"VN_AUTO:2013-07-02"	"AB"	"2013-07-23 18:32:42"	"TRUE"	
"7447"	"fixer"	"13000"	"-er"	"fixateur"	"0"	"VN_AUTO:2013-07-02"	"AB"	"2013-07-23 19:54:34"	"TRUE"	
"7448"	"fixer"	"13000"	"-er"	"fixage"	"0"	"VN_AUTO:2013-07-02"	"AB"	"2013-07-23 18:32:42"	"TRUE"	
"7449"	"fixer"	"13000"	"-er"	"fixation"	"0"	"VN_AUTO:2013-07-02"	"AB"	"2013-07-23 19:55:13"	"TRUE"	
"7451"	"fixer"	"13000"	"-er"	"fixe"	"0"	"VN_AUTO:2013-07-02"	"AB"	"2013-07-23 19:57:04"	"TRUE"	
"7583"	"forcer"	"1792"	"-er"	"forcing"	"0"	"VN_AUTO:2013-07-02"	"AB"	"2013-07-23 18:32:42"	"TRUE"	
"7587"	"forcer"	"1792"	"-er"	"forcement"	"0"	"VN_AUTO:2013-07-02"	"AB"	"2013-07-23 18:32:42"	"TRUE"	
"3000026"	"forcer"	"1792"	"-er"	"forçage"	"0"	"VN_AUTO:2013-07-02"	"AB"	"2013-07-24 16:16:46"	"TRUE"	
"7606"	"former"	"10666"	"-er"	"forme"	"0"	"VN_AUTO:2013-07-02"	"AB"	"2013-07-23 18:32:42"	"TRUE"	
"7609"	"former"	"10666"	"-er"	"formateur"	"0"	"VN_AUTO:2013-07-02"	"AB"	"2013-07-24 11:48:19"	"TRUE"	
"7610"	"former"	"10666"	"-er"	"formage"	"0"	"VN_AUTO:2013-07-02"	"AB"	"2013-07-23 18:32:42"	"TRUE"	
"7613"	"formuler"	"2542"	"-er"	"formulation"	"0"	"VN_AUTO:2013-07-02"	"AB"	"2013-07-23 18:32:42"	"TRUE"	
"7665"	"fournir"	"11690"	"-ir"	"fournisseur"	"0"	"VN_AUTO:2013-07-02"	"AB"	"2013-07-23 20:01:30"	"TRUE"	
"7666"	"fournir"	"11690"	"-er"	"fourniture"	"0"	"VN_AUTO:2013-07-02"	"AB"	"2013-07-23 20:01:43"	"TRUE"	
"7701"	"frapper"	"2872"	"-er"	"frappement"	"0"	"VN_AUTO:2013-07-02"	"AB"	"2013-07-23 18:32:42"	"TRUE"	
"7702"	"frapper"	"2872"	"-er"	"frappage"	"0"	"VN_AUTO:2013-07-02"	"AB"	"2013-07-23 18:32:42"	"TRUE"	
"7704"	"frapper"	"2872"	"-er"	"frappe"	"0"	"VN_AUTO:2013-07-02"	"AB"	"2013-07-23 18:32:42"	"TRUE"	
"7732"	"fréquenter"	"1455"	"-er"	"fréquentation"	"0"	"VN_AUTO:2013-07-02"	"AB"	"2013-07-23 18:32:42"	"TRUE"	
"7804"	"fumer"	"1850"	"-er"	"fumée"	"0"	"VN_AUTO:2013-07-02"	"AB"	"2013-07-23 18:32:42"	"TRUE"	
"7805"	"fumer"	"1850"	"-er"	"fumage"	"0"	"VN_AUTO:2013-07-02"	"AB"	"2013-07-23 18:32:42"	"TRUE"	
"7849"	"gagner"	"11320"	"-er"	"gagne"	"0"	"VN_AUTO:2013-07-02"	"AB"	"2013-07-23 18:32:42"	"TRUE"	
"3000027"	"gagner"	"11320"	"-er"	"gain"	"0"	"VN_AUTO:2013-07-02"	"AB"	"2013-07-24 16:18:12"	"TRUE"	
"7892"	"garder"	"8914"	"-er"	"garde"	"0"	"VN_AUTO:2013-07-02"	"AB"	"2013-07-23 18:32:42"	"TRUE"	
"7994"	"généraliser"	"1549"	"-er"	"généralisation"	"0"	"VN_AUTO:2013-07-02"	"AB"	"2013-07-23 18:32:42"	"TRUE"	
"8007"	"gérer"	"10008"	"-er"	"gestion"	"0"	"VN_AUTO:2013-07-02"	"AB"	"2013-07-24 11:52:42"	"TRUE"	
"8008"	"gérer"	"10008"	"-er"	"gestionnaire"	"0"	"VN_AUTO:2013-07-02"	"AB"	"2013-07-24 11:52:53"	"TRUE"	
"8009"	"gêner"	"946"	"-er"	"gêne"	"0"	"VN_AUTO:2013-07-02"	"AB"	"2013-07-24 11:53:00"	"TRUE"	
"8010"	"gêner"	"946"	"-er"	"gêneur"	"0"	"VN_AUTO:2013-07-02"	"AB"	"2013-07-24 11:53:06"	"TRUE"	
"8062"	"glisser"	"1780"	"-er"	"glisse"	"0"	"VN_AUTO:2013-07-02"	"AB"	"2013-07-23 18:32:42"	"TRUE"	
"8064"	"glisser"	"1780"	"-er"	"glissement"	"0"	"VN_AUTO:2013-07-02"	"AB"	"2013-07-23 18:32:42"	"TRUE"	
"8065"	"glisser"	"1780"	"-er"	"glissage"	"0"	"VN_AUTO:2013-07-02"	"AB"	"2013-07-23 18:32:42"	"TRUE"	
"8066"	"glisser"	"1780"	"-er"	"glissade"	"0"	"VN_AUTO:2013-07-02"	"AB"	"2013-07-23 18:32:42"	"TRUE"	
"8155"	"gouverner"	"987"	"-er"	"gouverne"	"0"	"VN_AUTO:2013-07-02"	"AB"	"2013-07-23 18:32:42"	"TRUE"	
"8236"	"graver"	"955"	"-er"	"gravure"	"0"	"VN_AUTO:2013-07-02"	"AB"	"2013-07-23 18:32:42"	"TRUE"	
"8238"	"graver"	"955"	"-er"	"gravage"	"0"	"VN_AUTO:2013-07-02"	"AB"	"2013-07-23 18:32:42"	"TRUE"	
"8376"	"guider"	"3699"	"-er"	"guidage"	"0"	"VN_AUTO:2013-07-02"	"AB"	"2013-07-23 18:32:42"	"TRUE"	
"8377"	"guider"	"3699"	"-er"	"guide"	"0"	"VN_AUTO:2013-07-02"	"AB"	"2013-07-23 18:32:42"	"TRUE"	
"8415"	"habiliter"	"1331"	"-er"	"habilitation"	"0"	"VN_AUTO:2013-07-02"	"AB"	"2013-07-23 18:32:42"	"TRUE"	
"8417"	"habiller"	"1100"	"-er"	"habillement"	"0"	"VN_AUTO:2013-07-02"	"AB"	"2013-07-23 18:32:42"	"TRUE"	
"8419"	"habiller"	"1100"	"-er"	"habillage"	"0"	"VN_AUTO:2013-07-02"	"AB"	"2013-07-23 18:32:42"	"TRUE"	
"8525"	"héberger"	"1483"	"-er"	"hébergement"	"0"	"VN_AUTO:2013-07-02"	"AB"	"2013-07-24 16:19:36"	"TRUE"	
"8550"	"hésiter"	"6256"	"-er"	"hésitation"	"0"	"VN_AUTO:2013-07-02"	"AB"	"2013-07-23 18:32:42"	"TRUE"	
"8732"	"importer"	"7671"	"-er"	"importation"	"0"	"VN_AUTO:2013-07-02"	"AB"	"2013-07-23 18:32:42"	"TRUE"	
"3000028"	"importer"	"7671"	"-er"	"import"	"0"	"VN_AUTO:2013-07-02"	"AB"	"2013-07-24 16:20:12"	"TRUE"	
"8735"	"imposer"	"10849"	"-er"	"imposition"	"0"	"VN_AUTO:2013-07-02"	"AB"	"2013-07-24 11:43:06"	"TRUE"	
"8745"	"imprimer"	"3875"	"-er"	"impression"	"0"	"VN_AUTO:2013-07-02"	"AB"	"2013-07-24 16:20:27"	"TRUE"	
"8757"	"inaugurer"	"1819"	"-er"	"inauguration"	"0"	"VN_AUTO:2013-07-02"	"AB"	"2013-07-23 18:32:42"	"TRUE"	
"8764"	"incarner"	"1645"	"-er"	"incarnation"	"0"	"VN_AUTO:2013-07-02"	"AB"	"2013-07-23 18:32:42"	"TRUE"	
"8775"	"inciter"	"2474"	"-er"	"incitation"	"0"	"VN_AUTO:2013-07-02"	"AB"	"2013-07-23 18:32:42"	"TRUE"	
"8778"	"incorporer"	"1118"	"-er"	"incorporation"	"0"	"VN_AUTO:2013-07-02"	"AB"	"2013-07-23 18:32:42"	"TRUE"	
"8850"	"initier"	"2456"	"-er"	"initiation"	"0"	"VN_AUTO:2013-07-02"	"AB"	"2013-07-23 18:32:42"	"TRUE"	
"8881"	"inspirer"	"4486"	"-er"	"inspiration"	"0"	"VN_AUTO:2013-07-02"	"AB"	"2013-07-23 18:32:42"	"TRUE"	
"8885"	"instaurer"	"1845"	"-er"	"instauration"	"0"	"VN_AUTO:2013-07-02"	"AB"	"2013-07-23 18:32:42"	"TRUE"	
"8928"	"interner"	"966"	"-er"	"internement"	"0"	"VN_AUTO:2013-07-02"	"AB"	"2013-07-23 18:32:42"	"TRUE"	
"8930"	"interpeller"	"1256"	"-er"	"interpellation"	"0"	"VN_AUTO:2013-07-02"	"AB"	"2013-07-23 18:32:42"	"TRUE"	
"8948"	"intégrer"	"11142"	"-er"	"intégrateur"	"0"	"VN_AUTO:2013-07-02"	"AB"	"2013-07-24 11:37:30"	"TRUE"	
"8949"	"intéresser"	"9828"	"-er"	"intéressement"	"0"	"VN_AUTO:2013-07-02"	"AB"	"2013-07-24 11:58:32"	"TRUE"	
"8950"	"intéresser"	"9828"	"-er"	"intérêt"	"0"	"VN_AUTO:2013-07-02"	"AB"	"2013-07-24 16:21:19"	"TRUE"	
"8956"	"intituler"	"2909"	"-er"	"intitulé"	"0"	"VN_AUTO:2013-07-02"	"AB"	"2013-07-24 16:21:38"	"TRUE"	
"8972"	"inventer"	"2793"	"-er"	"invention"	"0"	"VN_AUTO:2013-07-02"	"AB"	"2013-07-23 18:32:42"	"TRUE"	
"8977"	"inverser"	"901"	"-er"	"inversion"	"0"	"VN_AUTO:2013-07-02"	"AB"	"2013-07-23 18:32:42"	"TRUE"	
"8982"	"inviter"	"8928"	"-er"	"invitation"	"0"	"VN_AUTO:2013-07-02"	"AB"	"2013-07-24 12:07:04"	"TRUE"	
"8983"	"inviter"	"8928"	"-er"	"invité"	"0"	"VN_AUTO:2013-07-02"	"AB"	"2013-07-24 12:07:23"	"TRUE"	
"8984"	"inviter"	"8928"	"-er"	"invite"	"0"	"VN_AUTO:2013-07-02"	"AB"	"2013-07-23 18:32:42"	"TRUE"	
"9002"	"isoler"	"1854"	"-er"	"isolation"	"0"	"VN_AUTO:2013-07-02"	"AB"	"2013-07-23 18:32:42"	"TRUE"	
"9007"	"isoler"	"1854"	"-er"	"isolement"	"0"	"VN_AUTO:2013-07-02"	"AB"	"2013-07-23 18:32:42"	"TRUE"	
"9057"	"jeter"	"4075"	"-er"	"jeté"	"0"	"VN_AUTO:2013-07-02"	"AB"	"2013-07-23 18:32:42"	"TRUE"	
"9059"	"jeter"	"4075"	"-er"	"jetée"	"0"	"VN_AUTO:2013-07-02"	"AB"	"2013-07-23 18:32:42"	"TRUE"	
"9060"	"jeter"	"4075"	"-er"	"jetage"	"0"	"VN_AUTO:2013-07-02"	"AB"	"2013-07-23 18:32:42"	"TRUE"	
"3000029"	"jeter"	"4075"	"-er"	"jet"	"0"	"VN_AUTO:2013-07-02"	"AB"	"2013-07-24 16:23:01"	"TRUE"	
"9089"	"jouer"	"19067"	"-er"	"jeu"	"0"	"VN_AUTO:2013-07-02"	"AB"	"2013-07-23 19:37:34"	"TRUE"	
"9090"	"jouer"	"19067"	"-er"	"joueur"	"0"	"VN_AUTO:2013-07-02"	"AB"	"2013-07-23 19:38:17"	"TRUE"	
"9180"	"lancer"	"14392"	"-er"	"lancée"	"0"	"VN_AUTO:2013-07-02"	"AB"	"2013-07-23 18:32:42"	"TRUE"	
"9181"	"lancer"	"14392"	"-er"	"lancer"	"0"	"VN_AUTO:2013-07-02"	"AB"	"2013-07-23 19:51:46"	"TRUE"	
"9182"	"lancer"	"14392"	"-er"	"lance"	"0"	"VN_AUTO:2013-07-02"	"AB"	"2013-07-23 18:32:42"	"TRUE"	
"9183"	"lancer"	"14392"	"-er"	"lanceur"	"0"	"VN_AUTO:2013-07-02"	"AB"	"2013-07-23 19:51:54"	"TRUE"	
"9231"	"laver"	"1706"	"-er"	"lavement"	"0"	"VN_AUTO:2013-07-02"	"AB"	"2013-07-23 18:32:42"	"TRUE"	
"9233"	"laver"	"1706"	"-er"	"lavage"	"0"	"VN_AUTO:2013-07-02"	"AB"	"2013-07-23 18:32:42"	"TRUE"	
"9247"	"lâcher"	"1316"	"-er"	"lâchage"	"0"	"VN_AUTO:2013-07-02"	"AB"	"2013-07-23 18:32:42"	"TRUE"	
"9248"	"lâcher"	"1316"	"-er"	"lâchure"	"0"	"VN_AUTO:2013-07-02"	"AB"	"2013-07-23 18:32:42"	"TRUE"	
"9266"	"lever"	"4948"	"-er"	"lever"	"0"	"VN_AUTO:2013-07-02"	"AB"	"2013-07-24 16:24:23"	"TRUE"	
"9269"	"lever"	"4948"	"-er"	"levée"	"0"	"VN_AUTO:2013-07-02"	"AB"	"2013-07-23 18:32:42"	"TRUE"	
"9270"	"lever"	"4948"	"-er"	"levage"	"0"	"VN_AUTO:2013-07-02"	"AB"	"2013-07-23 18:32:42"	"TRUE"	
"9315"	"lier"	"16271"	"-er"	"liaison"	"0"	"VN_AUTO:2013-07-02"	"AB"	"2013-07-23 19:43:56"	"TRUE"	
"9316"	"lier"	"16271"	"-er"	"liage"	"0"	"VN_AUTO:2013-07-02"	"AB"	"2013-07-23 19:44:06"	"TRUE"	
"9317"	"lier"	"16271"	"-er"	"lieuse"	"0"	"VN_AUTO:2013-07-02"	"AB"	"2013-07-23 19:44:27"	"TRUE"	
"9318"	"lier"	"16271"	"-er"	"lieur"	"0"	"VN_AUTO:2013-07-02"	"AB"	"2013-07-23 19:44:46"	"TRUE"	
"9320"	"lier"	"16271"	"-er"	"liage"	"0"	"VN_AUTO:2013-07-02"	"AB"	"2013-07-23 18:32:42"	"TRUE"	
"9321"	"lier"	"16271"	"-er"	"liure"	"0"	"VN_AUTO:2013-07-02"	"AB"	"2013-07-23 19:45:06"	"TRUE"	"vieilli"
"9342"	"limiter"	"10043"	"-er"	"limite"	"0"	"VN_AUTO:2013-07-02"	"AB"	"2013-07-23 18:32:42"	"TRUE"	
"9344"	"limiter"	"10043"	"-er"	"limitation"	"0"	"VN_AUTO:2013-07-02"	"AB"	"2013-07-23 18:32:42"	"TRUE"	
"9400"	"loger"	"1207"	"-er"	"loge"	"0"	"VN_AUTO:2013-07-02"	"AB"	"2013-07-23 18:32:42"	"TRUE"	
"3000031"	"loger"	"1207"	"-er"	"logement"	"0"	"VN_AUTO:2013-07-02"	"AB"	"2013-07-24 16:26:17"	"TRUE"	
"9422"	"louer"	"3278"	"-er"	"louage"	"0"	"VN_AUTO:2013-07-02"	"AB"	"2013-07-23 18:32:42"	"TRUE"	
"3000032"	"louer"	"3278"	"-er"	"location"	"0"	"VN_AUTO:2013-07-02"	"AB"	"2013-07-24 16:26:56"	"TRUE"	
"9558"	"manipuler"	"1350"	"-er"	"manipulation"	"0"	"VN_AUTO:2013-07-02"	"AB"	"2013-07-23 18:32:42"	"TRUE"	
"9565"	"manquer"	"8004"	"-er"	"manquement"	"0"	"VN_AUTO:2013-07-02"	"AB"	"2013-07-23 18:32:42"	"TRUE"	
"9606"	"marcher"	"4073"	"-er"	"marchage"	"0"	"VN_AUTO:2013-07-02"	"AB"	"2013-07-23 18:32:42"	"TRUE"	
"9647"	"marquer"	"8745"	"-er"	"marquage"	"0"	"VN_AUTO:2013-07-02"	"AB"	"2013-07-23 18:32:42"	"TRUE"	
"9668"	"masquer"	"1453"	"-er"	"masque"	"0"	"VN_AUTO:2013-07-02"	"AB"	"2013-07-23 18:32:42"	"TRUE"	
"9669"	"masquer"	"1453"	"-er"	"masquage"	"0"	"VN_AUTO:2013-07-02"	"AB"	"2013-07-23 18:32:42"	"TRUE"	
"9762"	"mesurer"	"5583"	"-er"	"mesurage"	"0"	"VN_AUTO:2013-07-02"	"AB"	"2013-07-23 18:32:42"	"TRUE"	
"9764"	"meubler"	"1256"	"-er"	"meuble"	"0"	"VN_AUTO:2013-07-02"	"AB"	"2013-07-23 18:32:42"	"TRUE"	
"9795"	"mériter"	"3774"	"-er"	"mérite"	"0"	"VN_AUTO:2013-07-02"	"AB"	"2013-07-23 18:32:42"	"TRUE"	
"9824"	"mêler"	"1956"	"-er"	"mêlement"	"0"	"VN_AUTO:2013-07-02"	"AB"	"2013-07-23 18:32:42"	"TRUE"	
"9825"	"mêler"	"1956"	"-er"	"mêlée"	"0"	"VN_AUTO:2013-07-02"	"AB"	"2013-07-23 18:32:42"	"TRUE"	
"9937"	"modérer"	"946"	"-er"	"modération"	"0"	"VN_AUTO:2013-07-02"	"AB"	"2013-07-23 18:32:42"	"TRUE"	
"9938"	"modifier"	"14162"	"-er"	"modifieur"	"0"	"VN_AUTO:2013-07-02"	"AB"	"2013-07-23 19:52:10"	"TRUE"	
"9939"	"modifier"	"14162"	"-er"	"modificateur"	"0"	"VN_AUTO:2013-07-02"	"AB"	"2013-07-23 19:52:19"	"TRUE"	
"3000034"	"modifier"	"14162"	"-er"	"modification"	"0"	"VN_AUTO:2013-07-02"	"AB"	"2013-07-24 16:31:27"	"TRUE"	
"9941"	"moduler"	"1107"	"-er"	"modulation"	"0"	"VN_AUTO:2013-07-02"	"AB"	"2013-07-23 18:32:42"	"TRUE"	
"9989"	"monter"	"7984"	"-er"	"monture"	"0"	"VN_AUTO:2013-07-02"	"AB"	"2013-07-23 18:32:42"	"TRUE"	
"9991"	"monter"	"7984"	"-er"	"monte"	"0"	"VN_AUTO:2013-07-02"	"AB"	"2013-07-23 18:32:42"	"TRUE"	
"9993"	"monter"	"7984"	"-er"	"montée"	"0"	"VN_AUTO:2013-07-02"	"AB"	"2013-07-23 18:32:42"	"TRUE"	
"3000035"	"montrer"	"18587"	"-er"	"monstration"	"0"	"VN_AUTO:2013-07-02"	"AB"	"2013-07-24 16:32:19"	"TRUE"	
"9995"	"montrer"	"18587"	"-er"	"montre"	"0"	"VN_AUTO:2013-07-02"	"AB"	"2013-07-23 18:32:42"	"TRUE"	
"9996"	"montrer"	"18587"	"-er"	"montreur"	"0"	"VN_AUTO:2013-07-02"	"AB"	"2013-07-23 19:39:16"	"TRUE"	
"10179"	"nettoyer"	"1389"	"-er"	"nettoyage"	"0"	"VN_AUTO:2013-07-02"	"AB"	"2013-07-23 18:32:42"	"TRUE"	
"3000036"	"nettoyer"	"1389"	"-er"	"nettoiement"	"0"	"VN_AUTO:2013-07-02"	"AB"	"2013-07-24 16:32:47"	"TRUE"	
"10194"	"nécessiter"	"5852"	"-er"	"nécessitation"	"0"	"VN_AUTO:2013-07-02"	"AB"	"2013-07-23 18:32:42"	"TRUE"	
"10259"	"nommer"	"6943"	"-er"	"nommage"	"0"	"VN_AUTO:2013-07-02"	"AB"	"2013-07-23 18:32:42"	"TRUE"	
"3000037"	"nommer"	"6943"	"-er"	"nomination"	"0"	"VN_AUTO:2013-07-02"	"AB"	"2013-07-24 16:33:41"	"TRUE"	
"10274"	"noter"	"14129"	"-er"	"note"	"0"	"VN_AUTO:2013-07-02"	"AB"	"2013-07-23 18:32:42"	"TRUE"	
"10275"	"noter"	"14129"	"-er"	"notage"	"0"	"VN_AUTO:2013-07-02"	"AB"	"2013-07-23 18:32:42"	"TRUE"	
"10277"	"noter"	"14129"	"-er"	"notateur"	"0"	"VN_AUTO:2013-07-02"	"AB"	"2013-07-23 19:53:20"	"TRUE"	
"10329"	"obtenir"	"20370"	"-er"	"obtention"	"0"	"VN_AUTO:2013-07-02"	"AB"	"2013-07-23 18:32:42"	"TRUE"	
"10340"	"occuper"	"9263"	"-er"	"occupant"	"0"	"VN_AUTO:2013-07-02"	"AB"	"2013-07-24 12:03:36"	"TRUE"	
"10399"	"optimiser"	"2933"	"-er"	"optimisation"	"0"	"VN_AUTO:2013-07-02"	"AB"	"2013-07-23 18:32:42"	"TRUE"	
"10413"	"organiser"	"23324"	"-er"	"organiseur"	"0"	"VN_AUTO:2013-07-02"	"AB"	"2013-07-23 19:02:26"	"TRUE"	
"10415"	"organiser"	"23324"	"-er"	"organisateur"	"0"	"VN_AUTO:2013-07-02"	"AB"	"2013-07-23 19:02:43"	"TRUE"	
"10419"	"orienter"	"4338"	"-er"	"orientement"	"0"	"VN_AUTO:2013-07-02"	"AB"	"2013-07-23 18:32:42"	"TRUE"	
"10445"	"oublier"	"12257"	"-er"	"oubli"	"0"	"VN_AUTO:2013-07-02"	"AB"	"2013-07-23 19:59:09"	"TRUE"	
"10465"	"ouvrir"	"16529"	"-er"	"ouvroir"	"0"	"VN_AUTO:2013-07-02"	"AB"	"2013-07-23 19:42:13"	"TRUE"	"cf. OULIPO"
"10639"	"pardonner"	"1011"	"-er"	"pardon"	"0"	"VN_AUTO:2013-07-02"	"AB"	"2013-07-23 18:32:42"	"TRUE"	
"10649"	"parer"	"2272"	"-er"	"parage"	"0"	"VN_AUTO:2013-07-02"	"AB"	"2013-07-23 18:32:42"	"TRUE"	
"10650"	"parer"	"2272"	"-er"	"parade"	"0"	"VN_AUTO:2013-07-02"	"AB"	"2013-07-23 18:32:42"	"TRUE"	
"10665"	"parler"	"28504"	"-er"	"parloir"	"0"	"VN_AUTO:2013-07-02"	"AB"	"2013-07-23 19:00:12"	"TRUE"	
"10666"	"parler"	"28504"	"-er"	"parler"	"0"	"VN_AUTO:2013-07-02"	"AB"	"2013-07-23 19:00:27"	"TRUE"	
"10667"	"parler"	"28504"	"-er"	"parleur"	"0"	"VN_AUTO:2013-07-02"	"AB"	"2013-07-23 19:00:40"	"TRUE"	
"10669"	"parler"	"28504"	"-er"	"parlage"	"0"	"VN_AUTO:2013-07-02"	"AB"	"2013-07-23 18:32:42"	"TRUE"	
"10670"	"parler"	"28504"	"-er"	"parlure"	"0"	"VN_AUTO:2013-07-02"	"AB"	"2013-07-23 18:32:42"	"TRUE"	
"10702"	"passer"	"49913"	"-er"	"passé"	"0"	"VN_AUTO:2013-07-02"	"AB"	"2013-07-23 18:45:23"	"TRUE"	
"10704"	"passer"	"49913"	"-er"	"passeur"	"0"	"VN_AUTO:2013-07-02"	"AB"	"2013-07-23 18:45:35"	"TRUE"	
"10706"	"passer"	"49913"	"-er"	"passing"	"0"	"VN_AUTO:2013-07-02"	"AB"	"2013-07-23 18:48:53"	"TRUE"	"cf. \"passing-shot\""
"10707"	"passer"	"49913"	"-er"	"passée"	"0"	"VN_AUTO:2013-07-02"	"AB"	"2013-07-23 18:32:42"	"TRUE"	
"10708"	"passer"	"49913"	"-er"	"passation"	"0"	"VN_AUTO:2013-07-02"	"AB"	"2013-07-23 18:32:42"	"TRUE"	
"10710"	"passer"	"49913"	"-er"	"passade"	"0"	"VN_AUTO:2013-07-02"	"AB"	"2013-07-23 18:49:23"	"TRUE"	
"10711"	"passer"	"49913"	"-er"	"passoire"	"0"	"VN_AUTO:2013-07-02"	"AB"	"2013-07-23 18:49:32"	"TRUE"	
"10764"	"payer"	"1910"	"-er"	"paye"	"0"	"VN_AUTO:2013-07-02"	"AB"	"2013-07-23 18:32:42"	"TRUE"	
"10766"	"payer"	"1910"	"-er"	"payement"	"0"	"VN_AUTO:2013-07-02"	"AB"	"2013-07-23 18:32:42"	"TRUE"	
"10824"	"pencher"	"1417"	"-er"	"penchement"	"0"	"VN_AUTO:2013-07-02"	"AB"	"2013-07-23 18:32:42"	"TRUE"	
"10830"	"penser"	"29106"	"-er"	"penseur"	"0"	"VN_AUTO:2013-07-02"	"AB"	"2013-07-23 19:00:01"	"TRUE"	
"10896"	"personnaliser"	"3942"	"-er"	"personnalisation"	"0"	"VN_AUTO:2013-07-02"	"AB"	"2013-07-23 18:32:42"	"TRUE"	
"10901"	"perturber"	"1143"	"-er"	"perturbation"	"0"	"VN_AUTO:2013-07-02"	"AB"	"2013-07-23 18:32:42"	"TRUE"	
"10908"	"peser"	"2707"	"-er"	"pesée"	"0"	"VN_AUTO:2013-07-02"	"AB"	"2013-07-23 18:32:42"	"TRUE"	
"10909"	"peser"	"2707"	"-er"	"pesage"	"0"	"VN_AUTO:2013-07-02"	"AB"	"2013-07-23 18:32:42"	"TRUE"	
"10934"	"pénétrer"	"1544"	"-er"	"pénétration"	"0"	"VN_AUTO:2013-07-02"	"AB"	"2013-07-23 18:32:42"	"TRUE"	
"11077"	"piloter"	"2249"	"-er"	"pilote"	"0"	"VN_AUTO:2013-07-02"	"AB"	"2013-07-23 18:32:42"	"TRUE"	
"11113"	"piquer"	"949"	"-er"	"piqué"	"0"	"VN_AUTO:2013-07-02"	"AB"	"2013-07-23 18:32:42"	"TRUE"	
"11114"	"piquer"	"949"	"-er"	"pique"	"0"	"VN_AUTO:2013-07-02"	"AB"	"2013-07-23 18:32:42"	"TRUE"	
"11117"	"piquer"	"949"	"-er"	"piquage"	"0"	"VN_AUTO:2013-07-02"	"AB"	"2013-07-23 18:32:42"	"TRUE"	
"11160"	"placer"	"11345"	"-er"	"place"	"0"	"VN_AUTO:2013-07-02"	"AB"	"2013-07-23 20:02:15"	"TRUE"	
"11162"	"placer"	"11345"	"-er"	"placeur"	"0"	"VN_AUTO:2013-07-02"	"AB"	"2013-07-23 20:02:53"	"TRUE"	
"11163"	"placer"	"11345"	"-er"	"placement"	"0"	"VN_AUTO:2013-07-02"	"AB"	"2013-07-23 18:32:42"	"TRUE"	
"11194"	"planter"	"2069"	"-er"	"plantation"	"0"	"VN_AUTO:2013-07-02"	"AB"	"2013-07-23 18:32:42"	"TRUE"	
"11195"	"planter"	"2069"	"-er"	"plantage"	"0"	"VN_AUTO:2013-07-02"	"AB"	"2013-07-23 18:32:42"	"TRUE"	
"11198"	"planter"	"2069"	"-er"	"plante"	"0"	"VN_AUTO:2013-07-02"	"AB"	"2013-07-23 18:32:42"	"TRUE"	
"11227"	"pleurer"	"1889"	"-er"	"pleur"	"0"	"VN_AUTO:2013-07-02"	"AB"	"2013-07-24 16:39:52"	"TRUE"	
"11228"	"pleurer"	"1889"	"-er"	"pleurement"	"0"	"VN_AUTO:2013-07-02"	"AB"	"2013-07-23 18:32:42"	"TRUE"	
"11234"	"plier"	"957"	"-er"	"pliure"	"0"	"VN_AUTO:2013-07-02"	"AB"	"2013-07-23 18:32:42"	"TRUE"	
"11240"	"plier"	"957"	"-er"	"pliement"	"0"	"VN_AUTO:2013-07-02"	"AB"	"2013-07-23 18:32:42"	"TRUE"	
"11241"	"plier"	"957"	"-er"	"pliage"	"0"	"VN_AUTO:2013-07-02"	"AB"	"2013-07-23 18:32:42"	"TRUE"	
"11256"	"plonger"	"2531"	"-er"	"plonge"	"0"	"VN_AUTO:2013-07-02"	"AB"	"2013-07-23 18:32:42"	"TRUE"	
"3000038"	"plonger"	"2531"	"-er"	"plongée"	"0"	"VN_AUTO:2013-07-02"	"AB"	"2013-07-24 16:41:07"	"TRUE"	
"11301"	"pointer"	"1550"	"-er"	"pointage"	"0"	"VN_AUTO:2013-07-02"	"AB"	"2013-07-23 18:32:42"	"TRUE"	
"11307"	"pointer"	"1550"	"-er"	"pointement"	"0"	"VN_AUTO:2013-07-02"	"AB"	"2013-07-23 18:32:42"	"TRUE"	
"11391"	"porter"	"29658"	"-er"	"porté"	"0"	"VN_AUTO:2013-07-02"	"AB"	"2013-07-23 18:32:42"	"TRUE"	
"11393"	"porter"	"29658"	"-er"	"porteuse"	"0"	"VN_AUTO:2013-07-02"	"AB"	"2013-07-23 18:58:21"	"TRUE"	
"11394"	"porter"	"29658"	"-er"	"porteur"	"0"	"VN_AUTO:2013-07-02"	"AB"	"2013-07-23 18:59:15"	"TRUE"	
"11395"	"porter"	"29658"	"-er"	"portement"	"0"	"VN_AUTO:2013-07-02"	"AB"	"2013-07-23 18:32:42"	"TRUE"	
"11396"	"porter"	"29658"	"-er"	"portée"	"0"	"VN_AUTO:2013-07-02"	"AB"	"2013-07-23 18:32:42"	"TRUE"	
"11397"	"porter"	"29658"	"-er"	"portage"	"0"	"VN_AUTO:2013-07-02"	"AB"	"2013-07-23 18:32:42"	"TRUE"	
"11403"	"poser"	"18047"	"-er"	"pose"	"0"	"VN_AUTO:2013-07-02"	"AB"	"2013-07-23 18:32:42"	"TRUE"	
"11404"	"poser"	"18047"	"-er"	"poseur"	"0"	"VN_AUTO:2013-07-02"	"AB"	"2013-07-23 19:41:30"	"TRUE"	
"11406"	"poser"	"18047"	"-er"	"posage"	"0"	"VN_AUTO:2013-07-02"	"AB"	"2013-07-23 18:32:42"	"TRUE"	
"11410"	"positionner"	"1721"	"-er"	"positionnement"	"0"	"VN_AUTO:2013-07-02"	"AB"	"2013-07-23 18:32:42"	"TRUE"	
"11416"	"poster"	"18143"	"-er"	"postage"	"0"	"VN_AUTO:2013-07-02"	"AB"	"2013-07-23 18:32:42"	"TRUE"	
"11417"	"poster"	"18143"	"-er"	"posteur"	"0"	"VN_AUTO:2013-07-02"	"AB"	"2013-07-23 19:40:37"	"TRUE"	
"11460"	"pousser"	"4836"	"-er"	"pousse"	"0"	"VN_AUTO:2013-07-02"	"AB"	"2013-07-23 18:32:42"	"TRUE"	
"11462"	"pousser"	"4836"	"-er"	"poussement"	"0"	"VN_AUTO:2013-07-02"	"AB"	"2013-07-23 18:32:42"	"TRUE"	
"11463"	"pousser"	"4836"	"-er"	"poussée"	"0"	"VN_AUTO:2013-07-02"	"AB"	"2013-07-23 18:32:42"	"TRUE"	
"11464"	"pousser"	"4836"	"-er"	"poussade"	"0"	"VN_AUTO:2013-07-02"	"AB"	"2013-07-23 18:32:42"	"TRUE"	
"11465"	"pousser"	"4836"	"-er"	"poussage"	"0"	"VN_AUTO:2013-07-02"	"AB"	"2013-07-23 18:32:42"	"TRUE"	
"11472"	"pratiquer"	"6761"	"-er"	"pratique"	"0"	"VN_AUTO:2013-07-02"	"AB"	"2013-07-23 18:32:42"	"TRUE"	
"11478"	"presser"	"2251"	"-er"	"pressage"	"0"	"VN_AUTO:2013-07-02"	"AB"	"2013-07-23 18:32:42"	"TRUE"	
"11480"	"presser"	"2251"	"-er"	"pression"	"0"	"VN_AUTO:2013-07-02"	"AB"	"2013-07-23 18:32:42"	"TRUE"	
"11481"	"presser"	"2251"	"-er"	"pressing"	"0"	"VN_AUTO:2013-07-02"	"AB"	"2013-07-23 18:32:42"	"TRUE"	
"11515"	"préconiser"	"1419"	"-er"	"préconisation"	"0"	"VN_AUTO:2013-07-02"	"AB"	"2013-07-23 18:32:42"	"TRUE"	
"11566"	"préparer"	"11259"	"-er"	"préparage"	"0"	"VN_AUTO:2013-07-02"	"AB"	"2013-07-23 18:32:42"	"TRUE"	
"11577"	"présenter"	"35940"	"-er"	"présentoir"	"0"	"VN_AUTO:2013-07-02"	"AB"	"2013-07-23 18:53:52"	"TRUE"	
"11580"	"présenter"	"35940"	"-er"	"présentateur"	"0"	"VN_AUTO:2013-07-02"	"AB"	"2013-07-23 18:54:49"	"TRUE"	
"11581"	"préserver"	"3733"	"-er"	"préservation"	"0"	"VN_AUTO:2013-07-02"	"AB"	"2013-07-23 18:32:42"	"TRUE"	
"11623"	"priver"	"9236"	"-er"	"privation"	"0"	"VN_AUTO:2013-07-02"	"AB"	"2013-07-24 12:04:32"	"TRUE"	
"11631"	"proclamer"	"1184"	"-er"	"proclamation"	"0"	"VN_AUTO:2013-07-02"	"AB"	"2013-07-23 18:32:42"	"TRUE"	
"11669"	"prolonger"	"2412"	"-er"	"prolongation"	"0"	"VN_AUTO:2013-07-02"	"AB"	"2013-07-24 16:46:00"	"TRUE"	
"11673"	"promener"	"1159"	"-er"	"promenade"	"0"	"VN_AUTO:2013-07-02"	"AB"	"2013-07-23 18:32:42"	"TRUE"	
"11688"	"proposer"	"48767"	"-er"	"proposeur"	"0"	"VN_AUTO:2013-07-02"	"AB"	"2013-07-23 18:52:34"	"TRUE"	
"11732"	"publier"	"20575"	"-er"	"publieur"	"0"	"VN_AUTO:2013-07-02"	"AB"	"2013-07-23 19:35:48"	"TRUE"	"vieux"
"11733"	"publier"	"20575"	"-er"	"publication"	"0"	"VN_AUTO:2013-07-02"	"AB"	"2013-07-23 19:36:02"	"TRUE"	
"11740"	"puiser"	"923"	"-er"	"puisement"	"0"	"VN_AUTO:2013-07-02"	"AB"	"2013-07-23 18:32:42"	"TRUE"	
"11741"	"puiser"	"923"	"-er"	"puisage"	"0"	"VN_AUTO:2013-07-02"	"AB"	"2013-07-23 18:32:42"	"TRUE"	
"11887"	"raconter"	"5258"	"-er"	"racontage"	"0"	"VN_AUTO:2013-07-02"	"AB"	"2013-07-23 18:32:42"	"TRUE"	
"12020"	"rappeler"	"13260"	"-er"	"rappel"	"0"	"VN_AUTO:2013-07-02"	"AB"	"2013-07-23 19:54:22"	"TRUE"	
"3000040"	"rapporter"	"3966"	"-er"	"rapport"	"0"	"VN_AUTO:2013-07-02"	"AB"	"2013-07-24 16:48:09"	"TRUE"	
"12026"	"rapporter"	"3966"	"-er"	"rapportage"	"0"	"VN_AUTO:2013-07-02"	"AB"	"2013-07-23 18:32:42"	"TRUE"	
"12028"	"rapprocher"	"2911"	"-er"	"rapprochement"	"0"	"VN_AUTO:2013-07-02"	"AB"	"2013-07-23 18:32:42"	"TRUE"	
"12041"	"rassembler"	"4796"	"-er"	"rassemblement"	"0"	"VN_AUTO:2013-07-02"	"AB"	"2013-07-23 18:32:42"	"TRUE"	
"12044"	"rassurer"	"1973"	"-er"	"rassurement"	"0"	"VN_AUTO:2013-07-02"	"AB"	"2013-07-23 18:32:42"	"TRUE"	
"3000041"	"rassurer"	"1973"	"-er"	"réassurance"	"0"	"VN_AUTO:2013-07-02"	"AB"	"2013-07-24 16:48:56"	"TRUE"	
"12049"	"rater"	"1525"	"-er"	"raté"	"0"	"VN_AUTO:2013-07-02"	"AB"	"2013-07-23 18:32:42"	"TRUE"	
"12051"	"rater"	"1525"	"-er"	"ratage"	"0"	"VN_AUTO:2013-07-02"	"AB"	"2013-07-23 18:32:42"	"TRUE"	
"12068"	"rattacher"	"2141"	"-er"	"rattachage"	"0"	"VN_AUTO:2013-07-02"	"AB"	"2013-07-23 18:32:42"	"TRUE"	
"12070"	"rattacher"	"2141"	"-er"	"rattachement"	"0"	"VN_AUTO:2013-07-02"	"AB"	"2013-07-23 18:32:42"	"TRUE"	
"12072"	"rattraper"	"1020"	"-er"	"rattrapage"	"0"	"VN_AUTO:2013-07-02"	"AB"	"2013-07-23 18:32:42"	"TRUE"	
"12177"	"recenser"	"1849"	"-er"	"recensement"	"0"	"VN_AUTO:2013-07-02"	"AB"	"2013-07-23 18:32:42"	"TRUE"	
"12178"	"recenser"	"1849"	"-er"	"recension"	"0"	"VN_AUTO:2013-07-02"	"AB"	"2013-07-23 18:32:42"	"TRUE"	
"12214"	"recommencer"	"1119"	"-er"	"recommencement"	"0"	"VN_AUTO:2013-07-02"	"AB"	"2013-07-23 18:32:42"	"TRUE"	
"12226"	"reconstituer"	"966"	"-er"	"reconstitution"	"0"	"VN_AUTO:2013-07-02"	"AB"	"2013-07-23 18:32:42"	"TRUE"	
"12254"	"recouvrir"	"1328"	"-er"	"recouvrement"	"0"	"VN_AUTO:2013-07-02"	"AB"	"2013-07-23 18:32:42"	"TRUE"	
"12255"	"recouvrir"	"1328"	"-er"	"recouvrage"	"0"	"VN_AUTO:2013-07-02"	"AB"	"2013-07-23 18:32:42"	"TRUE"	
"12267"	"recueillir"	"3470"	"-er"	"recueillement"	"0"	"VN_AUTO:2013-07-02"	"AB"	"2013-07-23 18:32:42"	"TRUE"	
"12270"	"reculer"	"1204"	"-er"	"reculade"	"0"	"VN_AUTO:2013-07-02"	"AB"	"2013-07-23 18:32:42"	"TRUE"	
"12271"	"reculer"	"1204"	"-er"	"reculement"	"0"	"VN_AUTO:2013-07-02"	"AB"	"2013-07-23 18:32:42"	"TRUE"	
"12273"	"reculer"	"1204"	"-er"	"reculage"	"0"	"VN_AUTO:2013-07-02"	"AB"	"2013-07-23 18:32:42"	"TRUE"	
"12332"	"regarder"	"11205"	"-er"	"regard"	"0"	"VN_AUTO:2013-07-02"	"AB"	"2013-07-24 11:36:12"	"TRUE"	
"12349"	"regrouper"	"5973"	"-er"	"regroupement"	"0"	"VN_AUTO:2013-07-02"	"AB"	"2013-07-23 18:32:42"	"TRUE"	
"12358"	"relancer"	"1592"	"-er"	"relance"	"0"	"VN_AUTO:2013-07-02"	"AB"	"2013-07-23 18:32:42"	"TRUE"	
"12359"	"relancer"	"1592"	"-er"	"relancement"	"0"	"VN_AUTO:2013-07-02"	"AB"	"2013-07-23 18:32:42"	"TRUE"	
"12379"	"relever"	"10259"	"-er"	"relevage"	"0"	"VN_AUTO:2013-07-02"	"AB"	"2013-07-24 11:50:29"	"TRUE"	
"12381"	"relever"	"10259"	"-er"	"relevé"	"0"	"VN_AUTO:2013-07-02"	"AB"	"2013-07-23 18:32:42"	"TRUE"	
"12384"	"relier"	"3595"	"-er"	"reliure"	"0"	"VN_AUTO:2013-07-02"	"AB"	"2013-07-23 18:32:42"	"TRUE"	
"12386"	"relier"	"3595"	"-er"	"reliage"	"0"	"VN_AUTO:2013-07-02"	"AB"	"2013-07-23 18:32:42"	"TRUE"	
"12425"	"remercier"	"3678"	"-er"	"remerciement"	"0"	"VN_AUTO:2013-07-02"	"AB"	"2013-07-23 18:32:42"	"TRUE"	
"12445"	"remonter"	"3877"	"-er"	"remonte"	"0"	"VN_AUTO:2013-07-02"	"AB"	"2013-07-23 18:32:42"	"TRUE"	
"12447"	"remonter"	"3877"	"-er"	"remontée"	"0"	"VN_AUTO:2013-07-02"	"AB"	"2013-07-23 18:32:42"	"TRUE"	
"12448"	"remonter"	"3877"	"-er"	"remontage"	"0"	"VN_AUTO:2013-07-02"	"AB"	"2013-07-23 18:32:42"	"TRUE"	
"12461"	"remplacer"	"7098"	"-er"	"remplacement"	"0"	"VN_AUTO:2013-07-02"	"AB"	"2013-07-23 18:32:42"	"TRUE"	
"12497"	"renforcer"	"7720"	"-er"	"renforcement"	"0"	"VN_AUTO:2013-07-02"	"AB"	"2013-07-23 18:32:42"	"TRUE"	
"12516"	"renoncer"	"1909"	"-er"	"renonce"	"0"	"VN_AUTO:2013-07-02"	"AB"	"2013-07-23 18:32:42"	"TRUE"	
"12517"	"renoncer"	"1909"	"-er"	"renoncement"	"0"	"VN_AUTO:2013-07-02"	"AB"	"2013-07-23 18:32:42"	"TRUE"	
"12530"	"rentrer"	"5236"	"-er"	"rentrage"	"0"	"VN_AUTO:2013-07-02"	"AB"	"2013-07-23 18:32:42"	"TRUE"	
"12544"	"repasser"	"921"	"-er"	"repassage"	"0"	"VN_AUTO:2013-07-02"	"AB"	"2013-07-23 18:32:42"	"TRUE"	
"12545"	"repasser"	"921"	"-er"	"repasse"	"0"	"VN_AUTO:2013-07-02"	"AB"	"2013-07-23 18:32:42"	"TRUE"	
"12557"	"repérer"	"2768"	"-er"	"repérage"	"0"	"VN_AUTO:2013-07-02"	"AB"	"2013-07-23 18:32:42"	"TRUE"	
"12583"	"reposer"	"5203"	"-er"	"repose"	"0"	"VN_AUTO:2013-07-02"	"AB"	"2013-07-23 18:32:42"	"TRUE"	
"12584"	"reposer"	"5203"	"-er"	"reposée"	"0"	"VN_AUTO:2013-07-02"	"AB"	"2013-07-23 18:32:42"	"TRUE"	
"12589"	"repousser"	"1206"	"-er"	"repousse"	"0"	"VN_AUTO:2013-07-02"	"AB"	"2013-07-23 18:32:42"	"TRUE"	
"12591"	"repousser"	"1206"	"-er"	"repoussement"	"0"	"VN_AUTO:2013-07-02"	"AB"	"2013-07-23 18:32:42"	"TRUE"	
"12592"	"repousser"	"1206"	"-er"	"repoussage"	"0"	"VN_AUTO:2013-07-02"	"AB"	"2013-07-23 18:32:42"	"TRUE"	
"12603"	"reprocher"	"1445"	"-er"	"reproche"	"0"	"VN_AUTO:2013-07-02"	"AB"	"2013-07-23 18:32:42"	"TRUE"	
"12627"	"respirer"	"1136"	"-er"	"respiration"	"0"	"VN_AUTO:2013-07-02"	"AB"	"2013-07-23 18:32:42"	"TRUE"	
"12629"	"respirer"	"1136"	"-er"	"respire"	"0"	"VN_AUTO:2013-07-02"	"AB"	"2013-07-23 18:32:42"	"TRUE"	
"12647"	"ressourcer"	"1613"	"-er"	"ressourcement"	"0"	"VN_AUTO:2013-07-02"	"AB"	"2013-07-23 18:32:42"	"TRUE"	
"12657"	"rester"	"35706"	"-er"	"reste"	"0"	"VN_AUTO:2013-07-02"	"AB"	"2013-07-23 18:32:42"	"TRUE"	
"12659"	"restituer"	"1080"	"-er"	"restitution"	"0"	"VN_AUTO:2013-07-02"	"AB"	"2013-07-23 18:32:42"	"TRUE"	
"12682"	"retirer"	"4476"	"-er"	"retiration"	"0"	"VN_AUTO:2013-07-02"	"AB"	"2013-07-23 18:32:42"	"TRUE"	
"12683"	"retirer"	"4476"	"-er"	"retirage"	"0"	"VN_AUTO:2013-07-02"	"AB"	"2013-07-23 18:32:42"	"TRUE"	
"12684"	"retirer"	"4476"	"-er"	"retirade"	"0"	"VN_AUTO:2013-07-02"	"AB"	"2013-07-23 18:32:42"	"TRUE"	
"12685"	"retirer"	"4476"	"-er"	"retirement"	"0"	"VN_AUTO:2013-07-02"	"AB"	"2013-07-23 18:32:42"	"TRUE"	
"12695"	"retourner"	"5257"	"-er"	"retournement"	"0"	"VN_AUTO:2013-07-02"	"AB"	"2013-07-23 18:32:42"	"TRUE"	
"12696"	"retourner"	"5257"	"-er"	"retournage"	"0"	"VN_AUTO:2013-07-02"	"AB"	"2013-07-23 18:32:42"	"TRUE"	
"12699"	"retourner"	"5257"	"-er"	"retourne"	"0"	"VN_AUTO:2013-07-02"	"AB"	"2013-07-23 18:32:42"	"TRUE"	
"12709"	"retrouver"	"20430"	"-er"	"retrouvailles"	"0"	"VN_AUTO:2013-07-02"	"AB"	"2013-07-23 19:36:21"	"TRUE"	
"12755"	"réaffirmer"	"966"	"-er"	"réaffirmation"	"0"	"VN_AUTO:2013-07-02"	"AB"	"2013-07-23 18:32:42"	"TRUE"	
"12801"	"réclamer"	"2644"	"-er"	"réclamation"	"0"	"VN_AUTO:2013-07-02"	"AB"	"2013-07-23 18:32:42"	"TRUE"	
"12808"	"récolter"	"941"	"-er"	"récolte"	"0"	"VN_AUTO:2013-07-02"	"AB"	"2013-07-23 18:32:42"	"TRUE"	
"12810"	"récompenser"	"1761"	"-er"	"récompense"	"0"	"VN_AUTO:2013-07-02"	"AB"	"2013-07-23 18:32:42"	"TRUE"	
"12817"	"récupérer"	"3599"	"-er"	"récupération"	"0"	"VN_AUTO:2013-07-02"	"AB"	"2013-07-23 18:32:42"	"TRUE"	
"12852"	"référencer"	"1689"	"-er"	"référencement"	"0"	"VN_AUTO:2013-07-02"	"AB"	"2013-07-23 18:32:42"	"TRUE"	
"12861"	"réformer"	"999"	"-er"	"réforme"	"0"	"VN_AUTO:2013-07-02"	"AB"	"2013-07-23 18:32:42"	"TRUE"	
"12862"	"réformer"	"999"	"-er"	"réformation"	"0"	"VN_AUTO:2013-07-02"	"AB"	"2013-07-23 18:32:42"	"TRUE"	
"12887"	"régler"	"3544"	"-er"	"réglure"	"0"	"VN_AUTO:2013-07-02"	"AB"	"2013-07-23 18:32:42"	"TRUE"	
"12891"	"régler"	"3544"	"-er"	"réglage"	"0"	"VN_AUTO:2013-07-02"	"AB"	"2013-07-23 18:32:42"	"TRUE"	
"12950"	"répartir"	"4025"	"-er"	"répartement"	"0"	"VN_AUTO:2013-07-02"	"AB"	"2013-07-23 18:32:42"	"TRUE"	
"3000042"	"répartir"	"4025"	"-er"	"répartition"	"0"	"VN_AUTO:2013-07-02"	"AB"	"2013-07-24 16:59:05"	"TRUE"	
"12985"	"résumer"	"4141"	"-er"	"résumé"	"0"	"VN_AUTO:2013-07-02"	"AB"	"2013-07-23 18:32:42"	"TRUE"	
"13015"	"révéler"	"5887"	"-er"	"révélation"	"0"	"VN_AUTO:2013-07-02"	"AB"	"2013-07-23 18:32:42"	"TRUE"	
"13119"	"rocher"	"968"	"-er"	"rochage"	"0"	"VN_AUTO:2013-07-02"	"AB"	"2013-07-23 18:32:42"	"TRUE"	
"13193"	"rouler"	"2246"	"-er"	"roulage"	"0"	"VN_AUTO:2013-07-02"	"AB"	"2013-07-23 18:32:42"	"TRUE"	
"13194"	"rouler"	"2246"	"-er"	"roulade"	"0"	"VN_AUTO:2013-07-02"	"AB"	"2013-07-23 18:32:42"	"TRUE"	
"13201"	"rouler"	"2246"	"-er"	"roulement"	"0"	"VN_AUTO:2013-07-02"	"AB"	"2013-07-23 18:32:42"	"TRUE"	
"13236"	"rubriquer"	"1165"	"-er"	"rubrique"	"0"	"VN_AUTO:2013-07-02"	"AB"	"2013-07-23 18:32:42"	"TRUE"	
"13310"	"saler"	"1175"	"-er"	"salage"	"0"	"VN_AUTO:2013-07-02"	"AB"	"2013-07-23 18:32:42"	"TRUE"	
"3000043"	"saler"	"1175"	"-er"	"salaison"	"0"	"VN_AUTO:2013-07-02"	"AB"	"2013-07-24 17:01:07"	"TRUE"	
"13380"	"sauter"	"2029"	"-er"	"saut"	"0"	"VN_AUTO:2013-07-02"	"AB"	"2013-07-24 17:01:20"	"TRUE"	
"13383"	"sauter"	"2029"	"-er"	"sautage"	"0"	"VN_AUTO:2013-07-02"	"AB"	"2013-07-23 18:32:42"	"TRUE"	
"13386"	"sauvegarder"	"1240"	"-er"	"sauvegarde"	"0"	"VN_AUTO:2013-07-02"	"AB"	"2013-07-23 18:32:42"	"TRUE"	
"13484"	"sensibiliser"	"1659"	"-er"	"sensibilisation"	"0"	"VN_AUTO:2013-07-02"	"AB"	"2013-07-23 18:32:42"	"TRUE"	
"13502"	"serrer"	"1383"	"-er"	"serre"	"0"	"VN_AUTO:2013-07-02"	"AB"	"2013-07-23 18:32:42"	"TRUE"	
"13503"	"serrer"	"1383"	"-er"	"serrement"	"0"	"VN_AUTO:2013-07-02"	"AB"	"2013-07-23 18:32:42"	"TRUE"	
"13505"	"serrer"	"1383"	"-er"	"serrage"	"0"	"VN_AUTO:2013-07-02"	"AB"	"2013-07-23 18:32:42"	"TRUE"	
"13509"	"servir"	"15894"	"-er"	"service"	"0"	"VN_AUTO:2013-07-02"	"AB"	"2013-07-23 19:48:53"	"TRUE"	
"13527"	"sécuriser"	"2576"	"-er"	"sécurisation"	"0"	"VN_AUTO:2013-07-02"	"AB"	"2013-07-23 18:32:42"	"TRUE"	
"13542"	"séparer"	"4862"	"-er"	"séparation"	"0"	"VN_AUTO:2013-07-02"	"AB"	"2013-07-23 18:32:42"	"TRUE"	
"13583"	"signer"	"9193"	"-er"	"signeur"	"0"	"VN_AUTO:2013-07-02"	"AB"	"2013-07-24 12:04:56"	"TRUE"	
"13585"	"signer"	"9193"	"-er"	"signation"	"0"	"VN_AUTO:2013-07-02"	"AB"	"2013-07-24 12:05:24"	"TRUE"	
"13656"	"solliciter"	"2950"	"-er"	"sollicitation"	"0"	"VN_AUTO:2013-07-02"	"AB"	"2013-07-23 18:32:42"	"TRUE"	
"13679"	"sonner"	"1208"	"-er"	"son"	"0"	"VN_AUTO:2013-07-02"	"AB"	"2013-07-23 18:32:42"	"TRUE"	
"13681"	"sonner"	"1208"	"-er"	"sonnage"	"0"	"VN_AUTO:2013-07-02"	"AB"	"2013-07-23 18:32:42"	"TRUE"	
"13698"	"souffler"	"1254"	"-er"	"soufflage"	"0"	"VN_AUTO:2013-07-02"	"AB"	"2013-07-23 18:32:42"	"TRUE"	
"13701"	"souffler"	"1254"	"-er"	"souffle"	"0"	"VN_AUTO:2013-07-02"	"AB"	"2013-07-23 18:32:42"	"TRUE"	
"13704"	"souffler"	"1254"	"-er"	"soufflement"	"0"	"VN_AUTO:2013-07-02"	"AB"	"2013-07-23 18:32:42"	"TRUE"	
"13719"	"souligner"	"6295"	"-er"	"soulignement"	"0"	"VN_AUTO:2013-07-02"	"AB"	"2013-07-23 18:32:42"	"TRUE"	
"13720"	"souligner"	"6295"	"-er"	"soulignage"	"0"	"VN_AUTO:2013-07-02"	"AB"	"2013-07-23 18:32:42"	"TRUE"	
"13744"	"spécialiser"	"9746"	"-er"	"spécialisation"	"0"	"VN_AUTO:2013-07-02"	"AB"	"2013-07-23 18:32:42"	"TRUE"	
"13807"	"stimuler"	"1107"	"-er"	"stimulation"	"0"	"VN_AUTO:2013-07-02"	"AB"	"2013-07-23 18:32:42"	"TRUE"	
"13833"	"structurer"	"1862"	"-er"	"structuration"	"0"	"VN_AUTO:2013-07-02"	"AB"	"2013-07-23 18:32:42"	"TRUE"	
"13856"	"substituer"	"1421"	"-er"	"substitution"	"0"	"VN_AUTO:2013-07-02"	"AB"	"2013-07-23 18:32:42"	"TRUE"	
"13873"	"sucrer"	"916"	"-er"	"sucrage"	"0"	"VN_AUTO:2013-07-02"	"AB"	"2013-07-23 18:32:42"	"TRUE"	
"13915"	"supporter"	"4161"	"-er"	"supportage"	"0"	"VN_AUTO:2013-07-02"	"AB"	"2013-07-23 18:32:42"	"TRUE"	
"14094"	"tailler"	"915"	"-er"	"taillage"	"0"	"VN_AUTO:2013-07-02"	"AB"	"2013-07-23 18:32:42"	"TRUE"	
"14138"	"taper"	"2234"	"-er"	"tapage"	"0"	"VN_AUTO:2013-07-02"	"AB"	"2013-07-23 18:32:42"	"TRUE"	
"14141"	"taper"	"2234"	"-er"	"tape"	"0"	"VN_AUTO:2013-07-02"	"AB"	"2013-07-23 18:32:42"	"TRUE"	
"14143"	"taper"	"2234"	"-er"	"tapement"	"0"	"VN_AUTO:2013-07-02"	"AB"	"2013-07-23 18:32:42"	"TRUE"	
"14248"	"tenter"	"8595"	"-er"	"tentation"	"0"	"VN_AUTO:2013-07-02"	"AB"	"2013-07-23 18:32:42"	"TRUE"	
"14250"	"tenter"	"8595"	"-er"	"tentement"	"0"	"VN_AUTO:2013-07-02"	"AB"	"2013-07-23 18:32:42"	"TRUE"	
"14257"	"terminer"	"6597"	"-er"	"terminage"	"0"	"VN_AUTO:2013-07-02"	"AB"	"2013-07-23 18:32:42"	"TRUE"	
"14287"	"tester"	"4204"	"-er"	"testage"	"0"	"VN_AUTO:2013-07-02"	"AB"	"2013-07-23 18:32:42"	"TRUE"	
"14320"	"téléphoner"	"1220"	"-er"	"téléphone"	"0"	"VN_AUTO:2013-07-02"	"AB"	"2013-07-23 18:32:42"	"TRUE"	
"14322"	"téléphoner"	"1220"	"-er"	"téléphonage"	"0"	"VN_AUTO:2013-07-02"	"AB"	"2013-07-23 18:32:42"	"TRUE"	
"14390"	"tirer"	"8858"	"-er"	"tirade"	"0"	"VN_AUTO:2013-07-02"	"AB"	"2013-07-23 18:32:42"	"TRUE"	
"14391"	"tirer"	"8858"	"-er"	"tirement"	"0"	"VN_AUTO:2013-07-02"	"AB"	"2013-07-23 18:32:42"	"TRUE"	
"14394"	"tirer"	"8858"	"-er"	"tir"	"0"	"VN_AUTO:2013-07-02"	"AB"	"2013-07-24 17:05:16"	"TRUE"	
"14398"	"tirer"	"8858"	"-er"	"tirage"	"0"	"VN_AUTO:2013-07-02"	"AB"	"2013-07-23 18:32:42"	"TRUE"	
"14437"	"tomber"	"8603"	"-er"	"tombée"	"0"	"VN_AUTO:2013-07-02"	"AB"	"2013-07-23 18:32:42"	"TRUE"	
"14489"	"toucher"	"8660"	"-er"	"touche"	"0"	"VN_AUTO:2013-07-02"	"AB"	"2013-07-23 18:32:42"	"TRUE"	
"14525"	"tourner"	"8011"	"-er"	"tournage"	"0"	"VN_AUTO:2013-07-02"	"AB"	"2013-07-23 18:32:42"	"TRUE"	
"14529"	"tourner"	"8011"	"-er"	"tourne"	"0"	"VN_AUTO:2013-07-02"	"AB"	"2013-07-23 18:32:42"	"TRUE"	
"14531"	"tourner"	"8011"	"-er"	"tournée"	"0"	"VN_AUTO:2013-07-02"	"AB"	"2013-07-23 18:32:42"	"TRUE"	
"14543"	"tracer"	"1545"	"-er"	"tracé"	"0"	"VN_AUTO:2013-07-02"	"AB"	"2013-07-23 18:32:42"	"TRUE"	
"14548"	"tracer"	"1545"	"-er"	"tracement"	"0"	"VN_AUTO:2013-07-02"	"AB"	"2013-07-23 18:32:42"	"TRUE"	
"14568"	"traiter"	"9411"	"-er"	"traité"	"0"	"VN_AUTO:2013-07-02"	"AB"	"2013-07-23 18:32:42"	"TRUE"	
"14570"	"traiter"	"9411"	"-er"	"traiteur"	"0"	"VN_AUTO:2013-07-02"	"AB"	"2013-07-24 12:01:07"	"TRUE"	
"14587"	"trancher"	"1074"	"-er"	"tranchement"	"0"	"VN_AUTO:2013-07-02"	"AB"	"2013-07-23 18:32:42"	"TRUE"	
"14588"	"trancher"	"1074"	"-er"	"tranchée"	"0"	"VN_AUTO:2013-07-02"	"AB"	"2013-07-23 18:32:42"	"TRUE"	
"14589"	"trancher"	"1074"	"-er"	"tranchage"	"0"	"VN_AUTO:2013-07-02"	"AB"	"2013-07-23 18:32:42"	"TRUE"	
"14591"	"trancher"	"1074"	"-er"	"tranche"	"0"	"VN_AUTO:2013-07-02"	"AB"	"2013-07-23 18:32:42"	"TRUE"	
"14633"	"transporter"	"2046"	"-er"	"transportation"	"0"	"VN_AUTO:2013-07-02"	"AB"	"2013-07-23 18:32:42"	"TRUE"	
"3000044"	"transporter"	"2046"	"-er"	"transport"	"0"	"VN_AUTO:2013-07-02"	"AB"	"2013-07-24 17:09:08"	"TRUE"	
"14650"	"travailler"	"20171"	"-er"	"travail"	"0"	"VN_AUTO:2013-07-02"	"AB"	"2013-07-24 17:09:25"	"TRUE"	
"14651"	"travailler"	"20171"	"-er"	"travailleur"	"0"	"VN_AUTO:2013-07-02"	"AB"	"2013-07-23 19:36:51"	"TRUE"	
"14653"	"traverser"	"4229"	"-er"	"traversement"	"0"	"VN_AUTO:2013-07-02"	"AB"	"2013-07-23 18:32:42"	"TRUE"	
"14655"	"traverser"	"4229"	"-er"	"traversée"	"0"	"VN_AUTO:2013-07-02"	"AB"	"2013-07-23 18:32:42"	"TRUE"	
"14796"	"trouver"	"55319"	"-er"	"trouveur"	"0"	"VN_AUTO:2013-07-02"	"AB"	"2013-07-23 18:44:59"	"TRUE"	
"3000045"	"trouver"	"55319"	"-er"	"trouvaille"	"0"	"VN_AUTO:2013-07-02"	"AB"	"2013-07-24 17:10:33"	"TRUE"	
"14823"	"tuer"	"5259"	"-er"	"tuerie"	"0"	"VN_AUTO:2013-07-02"	"AB"	"2013-07-24 12:12:55"	"TRUE"	
"14867"	"user"	"2205"	"-er"	"usure"	"0"	"VN_AUTO:2013-07-02"	"AB"	"2013-07-23 18:32:42"	"TRUE"	
"14878"	"utiliser"	"42204"	"-er"	"utilisateur"	"0"	"VN_AUTO:2013-07-02"	"AB"	"2013-07-23 18:53:41"	"TRUE"	
"14930"	"varier"	"3513"	"-er"	"variation"	"0"	"VN_AUTO:2013-07-02"	"AB"	"2013-07-23 18:32:42"	"TRUE"	
"14955"	"veiller"	"3952"	"-er"	"veillée"	"0"	"VN_AUTO:2013-07-02"	"AB"	"2013-07-23 18:32:42"	"TRUE"	
"15009"	"verser"	"5519"	"-er"	"verse"	"0"	"VN_AUTO:2013-07-02"	"AB"	"2013-07-23 18:32:42"	"TRUE"	
"15015"	"verser"	"5519"	"-er"	"versade"	"0"	"VN_AUTO:2013-07-02"	"AB"	"2013-07-23 18:32:42"	"TRUE"	
"15059"	"vider"	"1189"	"-er"	"vidage"	"0"	"VN_AUTO:2013-07-02"	"AB"	"2013-07-23 18:32:42"	"TRUE"	
"15101"	"viser"	"12198"	"-er"	"viseur"	"0"	"VN_AUTO:2013-07-02"	"AB"	"2013-07-23 19:59:28"	"TRUE"	
"15102"	"viser"	"12198"	"-er"	"visée"	"0"	"VN_AUTO:2013-07-02"	"AB"	"2013-07-23 18:32:42"	"TRUE"	
"15103"	"viser"	"12198"	"-er"	"visa"	"0"	"VN_AUTO:2013-07-02"	"AB"	"2013-07-23 20:00:53"	"TRUE"	
"15114"	"visiter"	"5919"	"-er"	"visitation"	"0"	"VN_AUTO:2013-07-02"	"AB"	"2013-07-23 18:32:42"	"TRUE"	
"15116"	"visiter"	"5919"	"-er"	"visite"	"0"	"VN_AUTO:2013-07-02"	"AB"	"2013-07-23 18:32:42"	"TRUE"	
"15120"	"visualiser"	"1655"	"-er"	"visualisation"	"0"	"VN_AUTO:2013-07-02"	"AB"	"2013-07-23 18:32:42"	"TRUE"	
"15146"	"voiler"	"3348"	"-er"	"voile"	"0"	"VN_AUTO:2013-07-02"	"AB"	"2013-07-23 18:32:42"	"TRUE"	
"15147"	"voiler"	"3348"	"-er"	"voilement"	"0"	"VN_AUTO:2013-07-02"	"AB"	"2013-07-23 18:32:42"	"TRUE"	
"15148"	"voiler"	"3348"	"-er"	"voilage"	"0"	"VN_AUTO:2013-07-02"	"AB"	"2013-07-23 18:32:42"	"TRUE"	
"15157"	"voler"	"2501"	"-er"	"vol"	"0"	"VN_AUTO:2013-07-02"	"AB"	"2013-07-24 12:21:52"	"TRUE"	
"15159"	"voler"	"2501"	"-er"	"voleur"	"0"	"VN_AUTO:2013-07-02"	"AB"	"2013-07-24 12:22:09"	"TRUE"	
"3000000"	"voler"	"2501"	"-er"	"volée"	"0"	"VN_AUTO:2013-07-02"	"AB"	"2013-07-24 12:19:09"	"TRUE"	
"15173"	"voter"	"9625"	"-er"	"vote"	"0"	"VN_AUTO:2013-07-02"	"AB"	"2013-07-23 18:32:42"	"TRUE"	
"15174"	"voter"	"9625"	"-er"	"votation"	"0"	"VN_AUTO:2013-07-02"	"AB"	"2013-07-23 18:32:42"	"TRUE"	
